date,tavg,tmin,tmax,prcp,pres,city,year,month
2020-01-01,21.4,13.7,29.1,1.0,1014.5,Achalpur,2020,1
2020-02-01,24.3,15.8,32.7,0.0,1013.9,Achalpur,2020,2
2020-03-01,27.9,19.7,36.2,18.0,1010.1,Achalpur,2020,3
2020-04-01,33.2,24.6,41.8,2.0,1006.3,Achalpur,2020,4
2020-05-01,36.1,28.1,44.0,3.0,1002.8,Achalpur,2020,5
2020-06-01,30.3,24.3,36.2,129.0,1001.3,Achalpur,2020,6
2020-07-01,29.1,24.6,33.5,245.0,1001.5,Achalpur,2020,7
2020-08-01,27.3,23.9,30.6,212.0,1001.1,Achalpur,2020,8
2020-09-01,28.9,24.1,33.8,109.0,1004.1,Achalpur,2020,9
2020-10-01,28.5,22.7,34.3,45.0,1007.1,Achalpur,2020,10
2020-11-01,25.1,17.0,33.1,4.0,1013.8,Achalpur,2020,11
2020-12-01,22.9,14.6,31.3,0.0,1014.1,Achalpur,2020,12
2021-01-01,23.3,17.8,30.3,3.0,1012.8,Achalpur,2021,1
2021-02-01,23.9,17.0,31.6,4.9,1013.6,Achalpur,2021,2
2021-03-01,28.3,21.1,36.6,9.9,1010.5,Achalpur,2021,3
2021-04-01,31.4,24.0,39.1,0.3,1007.8,Achalpur,2021,4
2021-05-01,33.4,26.3,39.0,49.3,1004.5,Achalpur,2021,5
2021-06-01,29.1,24.0,34.0,221.7,1003.6,Achalpur,2021,6
2021-07-01,27.8,24.0,31.0,225.0,1002.2,Achalpur,2021,7
2021-08-01,26.8,23.0,30.3,188.6,1004.6,Achalpur,2021,8
2021-09-01,26.9,22.4,29.8,474.5,1004.4,Achalpur,2021,9
2021-10-01,25.4,20.7,31.6,129.9,1009.3,Achalpur,2021,10
2021-11-01,24.7,19.7,30.6,4.9,1011.7,Achalpur,2021,11
2021-12-01,21.5,16.0,28.2,24.4,1015.3,Achalpur,2021,12
2022-01-01,19.6,14.2,26.6,36.2,1014.3,Achalpur,2022,1
2022-02-01,23.0,16.2,31.2,1.5,1011.9,Achalpur,2022,2
2022-03-01,29.7,21.9,37.9,1.2,1009.0,Achalpur,2022,3
2022-04-01,34.1,26.4,42.0,0.0,1006.0,Achalpur,2022,4
2022-05-01,35.3,28.6,41.9,12.6,1001.9,Achalpur,2022,5
2022-06-01,31.3,26.2,37.0,110.8,1002.5,Achalpur,2022,6
2022-07-01,25.9,23.1,29.1,414.3,1002.4,Achalpur,2022,7
2022-08-01,26.1,23.1,29.8,357.6,1003.1,Achalpur,2022,8
2022-09-01,26.0,22.9,30.5,259.2,1005.9,Achalpur,2022,9
2022-10-01,25.1,20.6,31.1,82.7,1010.7,Achalpur,2022,10
2022-11-01,22.9,17.2,30.7,0.0,1013.7,Achalpur,2022,11
2022-12-01,22.9,17.4,30.2,4.6,1013.5,Achalpur,2022,12
2023-01-01,21.8,16.1,29.7,2.2,1014.8,Achalpur,2023,1
2023-02-01,24.5,16.8,33.9,0.0,1013.7,Achalpur,2023,2
2023-03-01,27.4,19.9,34.5,24.6,1011.7,Achalpur,2023,3
2023-04-01,30.1,22.5,37.1,56.3,1009.2,Achalpur,2023,4
2023-05-01,32.3,24.9,39.4,25.0,1006.7,Achalpur,2023,5
2023-06-01,32.8,26.4,37.9,97.2,1003.2,Achalpur,2023,6
2023-07-01,27.2,23.5,30.2,400.9,1002.7,Achalpur,2023,7
2023-08-01,26.8,23.0,30.3,77.6,1005.9,Achalpur,2023,8
2023-09-01,27.5,23.3,31.0,171.5,1005.0,Achalpur,2023,9
2023-10-01,26.4,20.7,33.8,23.9,1011.6,Achalpur,2023,10
2023-11-01,24.3,19.1,30.9,67.4,1014.0,Achalpur,2023,11
2023-12-01,21.8,16.5,28.1,3.5,1015.2,Achalpur,2023,12
2024-01-01,21.9,16.5,28.8,1.0,1014.8,Achalpur,2024,1
2024-02-01,25.0,18.4,32.4,4.6,1014.3,Achalpur,2024,2
2024-03-01,28.6,21.2,36.5,7.3,1011.4,Achalpur,2024,3
2024-04-01,31.4,23.8,38.1,56.4,1008.3,Achalpur,2024,4
2024-05-01,33.5,26.1,41.0,15.7,1003.8,Achalpur,2024,5
2024-06-01,32.0,25.0,37.0,139.5,1002.8,Achalpur,2024,6
2024-07-01,27.4,23.7,29.8,496.4,1000.6,Achalpur,2024,7
2024-08-01,27.2,23.4,29.9,224.5,1003.5,Achalpur,2024,8
2024-09-01,27.3,23.2,30.8,153.4,1003.9,Achalpur,2024,9
2024-10-01,27.2,22.3,33.5,71.2,1009.9,Achalpur,2024,10
2024-11-01,24.0,18.6,31.3,0.0,1013.5,Achalpur,2024,11
2024-12-01,22.9,17.5,29.8,9.0,1013.6,Achalpur,2024,12
2025-01-01,23.0,16.8,30.8,0.4,1013.9,Achalpur,2025,1
2025-02-01,26.7,20.0,34.4,0.0,1013.1,Achalpur,2025,2
2025-03-01,30.5,21.0,39.9,0.0,1009.1,Achalpur,2025,3
2025-04-01,33.5,26.1,41.1,11.7,1006.3,Achalpur,2025,4
2025-05-01,32.0,25.1,37.7,97.6,1003.8,Achalpur,2025,5
2025-06-01,29.9,24.8,34.6,165.0,1001.9,Achalpur,2025,6
2025-07-01,26.9,23.3,29.5,280.7,1001.9,Achalpur,2025,7
2025-08-01,26.4,23.0,30.2,287.5,1004.4,Achalpur,2025,8
2025-09-01,25.6,22.9,29.7,328.5,1006.0,Achalpur,2025,9
2025-10-01,25.8,22.1,30.2,107.8,1009.9,Achalpur,2025,10
2025-11-01,22.3,17.2,28.1,3.7,1014.6,Achalpur,2025,11
2025-12-01,20.6,14.5,27.8,0.0,1015.7,Achalpur,2025,12
2020-01-01,26.633689154568746,21.414444444444445,32.41121172919362,0.0,1008.9854796888507,Ahmednagar,2020,1
2020-02-01,26.633689154568746,21.414444444444445,32.41121172919362,0.0,1008.9854796888507,Ahmednagar,2020,2
2020-03-01,26.633689154568746,21.414444444444445,32.41121172919362,0.0,1008.9854796888507,Ahmednagar,2020,3
2020-04-01,26.633689154568746,21.414444444444445,32.41121172919362,0.0,1008.9854796888507,Ahmednagar,2020,4
2020-05-01,26.633689154568746,21.414444444444445,32.41121172919362,0.0,1008.9854796888507,Ahmednagar,2020,5
2020-06-01,26.633689154568746,21.414444444444445,32.41121172919362,0.0,1008.9854796888507,Ahmednagar,2020,6
2020-07-01,26.633689154568746,21.414444444444445,32.41121172919362,0.0,1008.9854796888507,Ahmednagar,2020,7
2020-08-01,26.633689154568746,21.414444444444445,32.41121172919362,0.0,1008.9854796888507,Ahmednagar,2020,8
2020-09-01,26.633689154568746,21.414444444444445,32.41121172919362,0.0,1008.9854796888507,Ahmednagar,2020,9
2020-10-01,26.633689154568746,21.414444444444445,32.41121172919362,0.0,1008.9854796888507,Ahmednagar,2020,10
2020-11-01,26.633689154568746,21.414444444444445,32.41121172919362,0.0,1008.9854796888507,Ahmednagar,2020,11
2020-12-01,26.633689154568746,21.414444444444445,32.41121172919362,0.0,1008.9854796888507,Ahmednagar,2020,12
2021-01-01,22.9,17.8,28.6,0.0,1013.1,Ahmednagar,2021,1
2021-02-01,23.0,17.2,29.3,0.9,1014.2,Ahmednagar,2021,2
2021-03-01,27.4,21.3,33.9,0.6,1011.8,Ahmednagar,2021,3
2021-04-01,29.4,23.2,35.8,1.8,1010.1,Ahmednagar,2021,4
2021-05-01,28.3,23.1,34.2,43.8,1007.3,Ahmednagar,2021,5
2021-06-01,24.7,21.7,29.1,121.2,1007.3,Ahmednagar,2021,6
2021-07-01,24.4,21.7,28.4,190.4,1005.5,Ahmednagar,2021,7
2021-08-01,23.7,20.6,27.7,347.5,1007.6,Ahmednagar,2021,8
2021-09-01,23.3,20.6,27.2,229.4,1007.0,Ahmednagar,2021,9
2021-10-01,23.5,19.3,28.4,87.7,1010.9,Ahmednagar,2021,10
2021-11-01,23.1,19.0,28.3,59.8,1012.1,Ahmednagar,2021,11
2021-12-01,20.2,15.7,25.5,41.5,1015.5,Ahmednagar,2021,12
2022-01-01,19.5,14.1,25.7,1.9,1014.4,Ahmednagar,2022,1
2022-02-01,22.9,16.0,30.0,0.0,1012.4,Ahmednagar,2022,2
2022-03-01,28.1,22.1,34.7,0.5,1010.5,Ahmednagar,2022,3
2022-04-01,31.4,24.1,38.5,0.1,1008.4,Ahmednagar,2022,4
2022-05-01,30.3,23.6,38.0,0.0,1005.5,Ahmednagar,2022,5
2022-06-01,26.7,22.5,33.5,195.8,1005.8,Ahmednagar,2022,6
2022-07-01,23.4,21.2,26.9,320.4,1005.7,Ahmednagar,2022,7
2022-08-01,23.7,21.0,27.8,200.0,1005.8,Ahmednagar,2022,8
2022-09-01,23.1,20.5,27.4,268.8,1008.4,Ahmednagar,2022,9
2022-10-01,22.2,18.7,26.8,117.7,1012.1,Ahmednagar,2022,10
2022-11-01,21.8,16.6,27.5,0.0,1014.2,Ahmednagar,2022,11
2022-12-01,22.3,17.2,28.3,4.1,1013.7,Ahmednagar,2022,12
2023-01-01,21.2,15.2,28.0,2.1,1014.8,Ahmednagar,2023,1
2023-02-01,23.6,17.3,30.8,0.0,1014.6,Ahmednagar,2023,2
2023-03-01,24.7,18.6,31.4,9.5,1012.8,Ahmednagar,2023,3
2023-04-01,27.7,21.7,34.8,17.4,1010.5,Ahmednagar,2023,4
2023-05-01,29.6,23.1,36.4,0.1,1009.3,Ahmednagar,2023,5
2023-06-01,27.7,22.9,33.8,90.2,1007.0,Ahmednagar,2023,6
2023-07-01,24.0,21.8,27.6,275.3,1006.3,Ahmednagar,2023,7
2023-08-01,24.0,20.7,28.7,47.1,1009.0,Ahmednagar,2023,8
2023-09-01,24.0,21.1,28.5,238.8,1008.2,Ahmednagar,2023,9
2023-10-01,24.5,19.8,29.6,0.6,1013.3,Ahmednagar,2023,10
2023-11-01,23.6,19.0,29.1,24.5,1014.2,Ahmednagar,2023,11
2023-12-01,21.2,16.0,26.8,1.8,1015.1,Ahmednagar,2023,12
2024-01-01,21.2,14.8,27.6,1.8,1015.1,Ahmednagar,2024,1
2024-02-01,24.0,16.7,31.3,0.3,1015.0,Ahmednagar,2024,2
2024-03-01,27.3,20.5,34.5,0.6,1012.8,Ahmednagar,2024,3
2024-04-01,30.9,24.6,37.9,3.5,1009.3,Ahmednagar,2024,4
2024-05-01,30.7,24.5,38.1,7.2,1006.5,Ahmednagar,2024,5
2024-06-01,26.1,22.8,31.6,212.6,1006.0,Ahmednagar,2024,6
2024-07-01,24.1,22.1,27.7,318.1,1004.0,Ahmednagar,2024,7
2024-08-01,26.633689154568746,21.414444444444445,32.41121172919362,0.0,1008.9854796888507,Ahmednagar,2024,8
2024-09-01,26.633689154568746,21.414444444444445,32.41121172919362,0.0,1008.9854796888507,Ahmednagar,2024,9
2024-10-01,24.0,20.0,28.9,126.8,1011.3,Ahmednagar,2024,10
2024-11-01,22.3,16.7,27.9,0.0,1014.0,Ahmednagar,2024,11
2024-12-01,21.5,15.6,27.4,0.0,1013.8,Ahmednagar,2024,12
2025-01-01,21.8,15.2,28.0,0.6,1014.1,Ahmednagar,2025,1
2025-02-01,24.5,17.4,31.2,0.0,1014.1,Ahmednagar,2025,2
2025-03-01,26.633689154568746,21.414444444444445,32.41121172919362,0.0,1008.9854796888507,Ahmednagar,2025,3
2025-04-01,30.6,23.9,37.8,3.1,1008.8,Ahmednagar,2025,4
2025-05-01,26.8,22.5,33.0,260.0,1006.5,Ahmednagar,2025,5
2025-06-01,25.4,22.1,30.3,148.8,1005.4,Ahmednagar,2025,6
2025-07-01,24.2,21.6,28.3,138.5,1005.2,Ahmednagar,2025,7
2025-08-01,23.6,20.9,27.9,216.4,1007.2,Ahmednagar,2025,8
2025-09-01,23.0,20.3,27.3,338.6,1008.6,Ahmednagar,2025,9
2025-10-01,23.4,19.7,28.1,105.6,1010.9,Ahmednagar,2025,10
2025-11-01,21.6,16.4,27.5,4.5,1015.0,Ahmednagar,2025,11
2025-12-01,20.2,14.1,26.9,0.0,1015.6,Ahmednagar,2025,12
2020-01-01,21.4,13.7,29.1,1.0,1014.5,Akola,2020,1
2020-02-01,24.3,15.8,32.7,0.0,1013.9,Akola,2020,2
2020-03-01,27.9,19.7,36.2,18.0,1010.1,Akola,2020,3
2020-04-01,33.2,24.6,41.8,2.0,1006.3,Akola,2020,4
2020-05-01,36.1,28.1,44.0,3.0,1002.8,Akola,2020,5
2020-06-01,30.3,24.3,36.2,129.0,1001.3,Akola,2020,6
2020-07-01,29.1,24.6,33.5,245.0,1001.5,Akola,2020,7
2020-08-01,27.3,23.9,30.6,212.0,1001.1,Akola,2020,8
2020-09-01,28.9,24.1,33.8,109.0,1004.1,Akola,2020,9
2020-10-01,28.5,22.7,34.3,45.0,1007.1,Akola,2020,10
2020-11-01,25.1,17.0,33.1,4.0,1013.8,Akola,2020,11
2020-12-01,22.9,14.6,31.3,0.0,1014.1,Akola,2020,12
2021-01-01,22.8,17.3,29.4,3.0,1012.9,Akola,2021,1
2021-02-01,23.6,16.3,31.2,5.4,1013.7,Akola,2021,2
2021-03-01,28.7,20.8,36.5,2.2,1010.6,Akola,2021,3
2021-04-01,32.2,24.7,39.4,0.4,1008.0,Akola,2021,4
2021-05-01,33.3,28.1,38.9,5.3,1004.7,Akola,2021,5
2021-06-01,29.5,26.1,33.9,95.9,1004.0,Akola,2021,6
2021-07-01,27.7,25.0,31.2,225.7,1002.5,Akola,2021,7
2021-08-01,26.7,24.3,29.8,213.2,1005.0,Akola,2021,8
2021-09-01,25.9,23.6,29.3,307.3,1004.6,Akola,2021,9
2021-10-01,25.1,20.7,30.6,108.7,1009.6,Akola,2021,10
2021-11-01,24.0,18.9,30.0,27.5,1011.7,Akola,2021,11
2021-12-01,21.2,15.8,27.8,7.0,1015.3,Akola,2021,12
2022-01-01,19.7,14.1,26.3,12.6,1014.4,Akola,2022,1
2022-02-01,23.3,15.9,31.1,0.0,1011.9,Akola,2022,2
2022-03-01,29.6,21.4,37.6,0.7,1009.2,Akola,2022,3
2022-04-01,34.8,26.8,43.8,0.0,1004.9,Akola,2022,4
2022-05-01,36.5,29.8,43.3,0.0,1000.5,Akola,2022,5
2022-06-01,32.6,26.9,38.3,318.0,1000.9,Akola,2022,6
2022-07-01,27.1,24.2,29.9,412.0,1001.1,Akola,2022,7
2022-08-01,28.2,24.4,32.0,127.0,1001.7,Akola,2022,8
2022-09-01,28.4,24.0,32.8,203.0,1004.5,Akola,2022,9
2022-10-01,27.4,21.8,33.0,87.0,1009.7,Akola,2022,10
2022-11-01,24.2,15.8,32.6,0.0,1013.4,Akola,2022,11
2022-12-01,24.7,17.3,32.2,6.0,1012.8,Akola,2022,12
2023-01-01,23.3,15.3,31.2,0.0,1014.1,Akola,2023,1
2023-02-01,24.9,14.0,35.9,0.0,1012.9,Akola,2023,2
2023-03-01,27.4,19.3,35.5,14.0,1010.5,Akola,2023,3
2023-04-01,30.7,22.5,38.8,59.0,1007.6,Akola,2023,4
2023-05-01,33.7,26.0,41.3,4.0,1005.0,Akola,2023,5
2023-06-01,33.9,27.9,39.9,29.0,1001.7,Akola,2023,6
2023-07-01,28.2,24.5,31.8,522.0,1001.3,Akola,2023,7
2023-08-01,27.7,23.5,32.0,48.0,1005.1,Akola,2023,8
2023-09-01,27.9,23.7,32.2,160.0,1004.1,Akola,2023,9
2023-10-01,28.2,20.7,35.7,0.0,1011.0,Akola,2023,10
2023-11-01,25.3,18.1,32.5,105.0,1013.5,Akola,2023,11
2023-12-01,23.1,16.3,29.9,11.0,1014.5,Akola,2023,12
2024-01-01,23.1,15.6,30.6,0.0,1014.2,Akola,2024,1
2024-02-01,26.0,18.0,34.0,9.0,1013.3,Akola,2024,2
2024-03-01,29.5,20.6,38.5,1.0,1010.0,Akola,2024,3
2024-04-01,32.7,24.9,40.5,25.0,1006.3,Akola,2024,4
2024-05-01,35.4,27.7,43.1,1.0,1001.8,Akola,2024,5
2024-06-01,31.7,25.6,37.7,147.0,1000.7,Akola,2024,6
2024-07-01,27.6,24.1,31.1,438.0,998.7,Akola,2024,7
2024-08-01,27.8,24.1,31.5,232.0,1003.5,Akola,2024,8
2024-09-01,28.5,24.6,32.4,116.0,1003.9,Akola,2024,9
2024-10-01,26.6,22.3,32.0,75.0,1010.1,Akola,2024,10
2024-11-01,23.1,17.1,29.7,0.0,1013.6,Akola,2024,11
2024-12-01,22.1,16.6,28.7,9.0,1013.7,Akola,2024,12
2025-01-01,22.3,15.7,29.8,0.2,1014.0,Akola,2025,1
2025-02-01,25.9,18.9,33.5,0.0,1013.3,Akola,2025,2
2025-03-01,30.5,21.0,39.9,0.0,1009.1,Akola,2025,3
2025-04-01,33.3,26.3,40.6,0.9,1006.7,Akola,2025,4
2025-05-01,31.5,26.4,37.6,73.8,1004.1,Akola,2025,5
2025-06-01,29.8,26.0,34.8,186.5,1002.3,Akola,2025,6
2025-07-01,26.8,24.5,30.0,255.3,1002.3,Akola,2025,7
2025-08-01,26.5,23.9,30.1,333.3,1004.7,Akola,2025,8
2025-09-01,26.0,23.2,30.0,338.6,1006.0,Akola,2025,9
2025-10-01,25.9,21.9,30.7,93.1,1009.8,Akola,2025,10
2025-11-01,21.5,15.9,27.9,3.6,1014.6,Akola,2025,11
2025-12-01,19.4,12.4,27.5,0.0,1015.7,Akola,2025,12
2020-01-01,21.4,13.7,29.1,1.0,1014.5,Amravati,2020,1
2020-02-01,24.3,15.8,32.7,0.0,1013.9,Amravati,2020,2
2020-03-01,27.9,19.7,36.2,18.0,1010.1,Amravati,2020,3
2020-04-01,33.2,24.6,41.8,2.0,1006.3,Amravati,2020,4
2020-05-01,36.1,28.1,44.0,3.0,1002.8,Amravati,2020,5
2020-06-01,30.3,24.3,36.2,129.0,1001.3,Amravati,2020,6
2020-07-01,29.1,24.6,33.5,245.0,1001.5,Amravati,2020,7
2020-08-01,27.3,23.9,30.6,212.0,1001.1,Amravati,2020,8
2020-09-01,28.9,24.1,33.8,109.0,1004.1,Amravati,2020,9
2020-10-01,28.5,22.7,34.3,45.0,1007.1,Amravati,2020,10
2020-11-01,25.1,17.0,33.1,4.0,1013.8,Amravati,2020,11
2020-12-01,22.9,14.6,31.3,0.0,1014.1,Amravati,2020,12
2021-01-01,23.3,17.8,30.3,3.0,1012.8,Amravati,2021,1
2021-02-01,23.9,17.0,31.6,4.9,1013.6,Amravati,2021,2
2021-03-01,28.3,21.1,36.6,9.9,1010.5,Amravati,2021,3
2021-04-01,31.4,24.0,39.1,0.3,1007.8,Amravati,2021,4
2021-05-01,33.4,26.3,39.0,49.3,1004.5,Amravati,2021,5
2021-06-01,29.1,24.0,34.0,221.7,1003.6,Amravati,2021,6
2021-07-01,27.8,24.0,31.0,225.0,1002.2,Amravati,2021,7
2021-08-01,26.8,23.0,30.3,188.6,1004.6,Amravati,2021,8
2021-09-01,26.9,22.4,29.8,474.5,1004.4,Amravati,2021,9
2021-10-01,25.4,20.7,31.6,129.9,1009.3,Amravati,2021,10
2021-11-01,24.7,19.7,30.6,4.9,1011.7,Amravati,2021,11
2021-12-01,21.5,16.0,28.2,24.4,1015.3,Amravati,2021,12
2022-01-01,19.6,14.2,26.6,36.2,1014.3,Amravati,2022,1
2022-02-01,23.0,16.2,31.2,1.5,1011.9,Amravati,2022,2
2022-03-01,29.7,21.9,37.9,1.2,1009.0,Amravati,2022,3
2022-04-01,34.1,26.4,42.0,0.0,1006.0,Amravati,2022,4
2022-05-01,35.3,28.6,41.9,12.6,1001.9,Amravati,2022,5
2022-06-01,31.3,26.2,37.0,110.8,1002.5,Amravati,2022,6
2022-07-01,25.9,23.1,29.1,414.3,1002.4,Amravati,2022,7
2022-08-01,26.1,23.1,29.8,357.6,1003.1,Amravati,2022,8
2022-09-01,26.0,22.9,30.5,259.2,1005.9,Amravati,2022,9
2022-10-01,25.1,20.6,31.1,82.7,1010.7,Amravati,2022,10
2022-11-01,22.9,17.2,30.7,0.0,1013.7,Amravati,2022,11
2022-12-01,22.9,17.4,30.2,4.6,1013.5,Amravati,2022,12
2023-01-01,21.8,16.1,29.7,2.2,1014.8,Amravati,2023,1
2023-02-01,24.5,16.8,33.9,0.0,1013.7,Amravati,2023,2
2023-03-01,27.4,19.9,34.5,24.6,1011.7,Amravati,2023,3
2023-04-01,30.1,22.5,37.1,56.3,1009.2,Amravati,2023,4
2023-05-01,32.3,24.9,39.4,25.0,1006.7,Amravati,2023,5
2023-06-01,32.8,26.4,37.9,97.2,1003.2,Amravati,2023,6
2023-07-01,27.2,23.5,30.2,400.9,1002.7,Amravati,2023,7
2023-08-01,26.8,23.0,30.3,77.6,1005.9,Amravati,2023,8
2023-09-01,27.5,23.3,31.0,171.5,1005.0,Amravati,2023,9
2023-10-01,26.4,20.7,33.8,23.9,1011.6,Amravati,2023,10
2023-11-01,24.3,19.1,30.9,67.4,1014.0,Amravati,2023,11
2023-12-01,21.8,16.5,28.1,3.5,1015.2,Amravati,2023,12
2024-01-01,21.9,16.5,28.8,1.0,1014.8,Amravati,2024,1
2024-02-01,25.0,18.4,32.4,4.6,1014.3,Amravati,2024,2
2024-03-01,28.6,21.2,36.5,7.3,1011.4,Amravati,2024,3
2024-04-01,31.4,23.8,38.1,56.4,1008.3,Amravati,2024,4
2024-05-01,33.5,26.1,41.0,15.7,1003.8,Amravati,2024,5
2024-06-01,32.0,25.0,37.0,139.5,1002.8,Amravati,2024,6
2024-07-01,27.4,23.7,29.8,496.4,1000.6,Amravati,2024,7
2024-08-01,27.2,23.4,29.9,224.5,1003.5,Amravati,2024,8
2024-09-01,27.3,23.2,30.8,153.4,1003.9,Amravati,2024,9
2024-10-01,27.2,22.3,33.5,71.2,1009.9,Amravati,2024,10
2024-11-01,24.0,18.6,31.3,0.0,1013.5,Amravati,2024,11
2024-12-01,22.9,17.5,29.8,9.0,1013.6,Amravati,2024,12
2025-01-01,23.0,16.8,30.8,0.4,1013.9,Amravati,2025,1
2025-02-01,26.7,20.0,34.4,0.0,1013.1,Amravati,2025,2
2025-03-01,30.5,21.0,39.9,0.0,1009.1,Amravati,2025,3
2025-04-01,33.5,26.1,41.1,11.7,1006.3,Amravati,2025,4
2025-05-01,32.0,25.1,37.7,97.6,1003.8,Amravati,2025,5
2025-06-01,29.9,24.8,34.6,165.0,1001.9,Amravati,2025,6
2025-07-01,26.9,23.3,29.5,280.7,1001.9,Amravati,2025,7
2025-08-01,26.4,23.0,30.2,287.5,1004.4,Amravati,2025,8
2025-09-01,25.6,22.9,29.7,328.5,1006.0,Amravati,2025,9
2025-10-01,25.8,22.1,30.2,107.8,1009.9,Amravati,2025,10
2025-11-01,22.3,17.2,28.1,3.7,1014.6,Amravati,2025,11
2025-12-01,20.6,14.5,27.8,0.0,1015.7,Amravati,2025,12
2020-01-01,26.633689154568746,21.414444444444445,32.41121172919362,0.0,1008.9854796888507,Aurangabad,2020,1
2020-02-01,26.633689154568746,21.414444444444445,32.41121172919362,0.0,1008.9854796888507,Aurangabad,2020,2
2020-03-01,26.633689154568746,21.414444444444445,32.41121172919362,0.0,1008.9854796888507,Aurangabad,2020,3
2020-04-01,26.633689154568746,21.414444444444445,32.41121172919362,0.0,1008.9854796888507,Aurangabad,2020,4
2020-05-01,26.633689154568746,21.414444444444445,32.41121172919362,0.0,1008.9854796888507,Aurangabad,2020,5
2020-06-01,26.633689154568746,21.414444444444445,32.41121172919362,0.0,1008.9854796888507,Aurangabad,2020,6
2020-07-01,26.633689154568746,21.414444444444445,32.41121172919362,0.0,1008.9854796888507,Aurangabad,2020,7
2020-08-01,26.633689154568746,21.414444444444445,32.41121172919362,0.0,1008.9854796888507,Aurangabad,2020,8
2020-09-01,26.633689154568746,21.414444444444445,32.41121172919362,0.0,1008.9854796888507,Aurangabad,2020,9
2020-10-01,26.633689154568746,21.414444444444445,32.41121172919362,0.0,1008.9854796888507,Aurangabad,2020,10
2020-11-01,26.633689154568746,21.414444444444445,32.41121172919362,0.0,1008.9854796888507,Aurangabad,2020,11
2020-12-01,26.633689154568746,21.414444444444445,32.41121172919362,0.0,1008.9854796888507,Aurangabad,2020,12
2021-01-01,23.0,17.0,29.7,0.0,1013.7,Aurangabad,2021,1
2021-02-01,23.5,16.0,31.2,5.1,1014.9,Aurangabad,2021,2
2021-03-01,28.2,20.9,36.0,1.2,1012.3,Aurangabad,2021,3
2021-04-01,30.8,23.9,38.2,0.2,1010.5,Aurangabad,2021,4
2021-05-01,30.3,24.3,37.0,16.3,1007.5,Aurangabad,2021,5
2021-06-01,26.6,22.6,32.3,99.5,1007.1,Aurangabad,2021,6
2021-07-01,25.8,22.5,30.2,201.3,1005.4,Aurangabad,2021,7
2021-08-01,25.1,21.4,29.3,185.3,1007.7,Aurangabad,2021,8
2021-09-01,24.4,21.3,28.4,266.2,1006.9,Aurangabad,2021,9
2021-10-01,24.5,19.4,30.9,77.0,1011.4,Aurangabad,2021,10
2021-11-01,23.9,18.3,30.1,25.4,1012.9,Aurangabad,2021,11
2021-12-01,20.9,15.5,27.7,39.0,1015.7,Aurangabad,2021,12
2022-01-01,19.7,13.7,26.8,2.3,1014.3,Aurangabad,2022,1
2022-02-01,23.4,15.7,31.1,0.1,1012.2,Aurangabad,2022,2
2022-03-01,29.0,22.3,36.1,2.0,1010.1,Aurangabad,2022,3
2022-04-01,32.8,25.6,40.1,0.0,1007.6,Aurangabad,2022,4
2022-05-01,32.5,25.5,39.5,0.0,1004.0,Aurangabad,2022,5
2022-06-01,28.9,23.0,35.1,211.3,1004.2,Aurangabad,2022,6
2022-07-01,24.9,21.3,28.4,231.1,1004.1,Aurangabad,2022,7
2022-08-01,25.7,20.9,29.6,138.4,1004.5,Aurangabad,2022,8
2022-09-01,25.3,20.7,29.9,254.3,1007.0,Aurangabad,2022,9
2022-10-01,24.2,18.8,30.0,116.5,1011.1,Aurangabad,2022,10
2022-11-01,22.2,15.0,30.0,0.0,1013.7,Aurangabad,2022,11
2022-12-01,22.6,16.0,29.7,43.6,1013.2,Aurangabad,2022,12
2023-01-01,21.2,14.0,28.8,19.7,1014.4,Aurangabad,2023,1
2023-02-01,24.0,15.6,33.1,0.2,1014.0,Aurangabad,2023,2
2023-03-01,25.5,17.7,32.3,26.0,1012.1,Aurangabad,2023,3
2023-04-01,28.9,21.7,36.2,31.3,1009.4,Aurangabad,2023,4
2023-05-01,31.1,24.0,37.9,19.5,1007.7,Aurangabad,2023,5
2023-06-01,29.3,23.7,35.5,65.7,1004.9,Aurangabad,2023,6
2023-07-01,25.5,21.2,29.4,200.2,1004.4,Aurangabad,2023,7
2023-08-01,25.0,20.8,29.6,47.2,1007.4,Aurangabad,2023,8
2023-09-01,25.2,20.9,29.9,368.9,1006.4,Aurangabad,2023,9
2023-10-01,25.1,19.6,32.3,0.4,1012.2,Aurangabad,2023,10
2023-11-01,23.9,18.2,30.5,91.5,1013.6,Aurangabad,2023,11
2023-12-01,21.0,15.6,27.9,50.5,1015.0,Aurangabad,2023,12
2024-01-01,21.2,14.6,28.5,12.3,1015.1,Aurangabad,2024,1
2024-02-01,24.2,17.2,32.3,1.6,1014.9,Aurangabad,2024,2
2024-03-01,28.0,20.3,35.6,0.0,1012.4,Aurangabad,2024,3
2024-04-01,31.5,24.5,38.5,9.4,1009.1,Aurangabad,2024,4
2024-05-01,32.4,25.8,40.0,5.3,1005.8,Aurangabad,2024,5
2024-06-01,29.0,24.0,34.9,162.6,1004.8,Aurangabad,2024,6
2024-07-01,26.0,22.9,29.7,232.3,1002.8,Aurangabad,2024,7
2024-08-01,25.9,22.6,30.3,0.0,1008.9854796888507,Aurangabad,2024,8
2024-09-01,25.7,21.8,30.4,192.1,1007.3,Aurangabad,2024,9
2024-10-01,26.4,21.2,32.5,128.9,1011.0,Aurangabad,2024,10
2024-11-01,22.7,15.8,30.3,0.0,1014.2,Aurangabad,2024,11
2024-12-01,22.0,15.8,29.3,0.0,1013.8,Aurangabad,2024,12
2025-01-01,22.4,15.2,30.5,0.5,1014.2,Aurangabad,2025,1
2025-02-01,25.5,17.8,33.8,0.0,1014.0,Aurangabad,2025,2
2025-03-01,26.633689154568746,21.414444444444445,32.41121172919362,0.0,1008.9854796888507,Aurangabad,2025,3
2025-04-01,32.2,24.8,39.8,8.1,1007.9,Aurangabad,2025,4
2025-05-01,28.5,23.4,34.4,148.7,1005.8,Aurangabad,2025,5
2025-06-01,27.3,23.1,32.0,109.5,1004.4,Aurangabad,2025,6
2025-07-01,25.7,22.5,29.4,185.9,1004.3,Aurangabad,2025,7
2025-08-01,24.1,21.5,28.0,230.3,1006.5,Aurangabad,2025,8
2025-09-01,24.6,21.2,28.9,250.4,1008.8,Aurangabad,2025,9
2025-10-01,24.0,20.5,28.6,88.3,1010.7,Aurangabad,2025,10
2025-11-01,21.2,16.4,27.0,10.5,1015.1,Aurangabad,2025,11
2025-12-01,20.0,14.5,26.6,0.0,1015.8,Aurangabad,2025,12
2020-01-01,21.4,13.7,29.1,1.0,1014.5,Badlapur,2020,1
2020-02-01,24.3,15.8,32.7,0.0,1013.9,Badlapur,2020,2
2020-03-01,27.9,19.7,36.2,18.0,1010.1,Badlapur,2020,3
2020-04-01,33.2,24.6,41.8,2.0,1006.3,Badlapur,2020,4
2020-05-01,36.1,28.1,44.0,3.0,1002.8,Badlapur,2020,5
2020-06-01,30.3,24.3,36.2,129.0,1001.3,Badlapur,2020,6
2020-07-01,29.1,24.6,33.5,245.0,1001.5,Badlapur,2020,7
2020-08-01,27.3,23.9,30.6,212.0,1001.1,Badlapur,2020,8
2020-09-01,28.9,24.1,33.8,109.0,1004.1,Badlapur,2020,9
2020-10-01,28.5,22.7,34.3,45.0,1007.1,Badlapur,2020,10
2020-11-01,25.1,17.0,33.1,4.0,1013.8,Badlapur,2020,11
2020-12-01,22.9,14.6,31.3,0.0,1014.1,Badlapur,2020,12
2021-01-01,22.8,17.3,29.4,3.0,1012.9,Badlapur,2021,1
2021-02-01,23.6,16.3,31.2,5.4,1013.7,Badlapur,2021,2
2021-03-01,28.7,20.8,36.5,2.2,1010.6,Badlapur,2021,3
2021-04-01,32.2,24.7,39.4,0.4,1008.0,Badlapur,2021,4
2021-05-01,33.3,28.1,38.9,5.3,1004.7,Badlapur,2021,5
2021-06-01,29.5,26.1,33.9,95.9,1004.0,Badlapur,2021,6
2021-07-01,27.7,25.0,31.2,225.7,1002.5,Badlapur,2021,7
2021-08-01,26.7,24.3,29.8,213.2,1005.0,Badlapur,2021,8
2021-09-01,25.9,23.6,29.3,307.3,1004.6,Badlapur,2021,9
2021-10-01,25.1,20.7,30.6,108.7,1009.6,Badlapur,2021,10
2021-11-01,24.0,18.9,30.0,27.5,1011.7,Badlapur,2021,11
2021-12-01,21.2,15.8,27.8,7.0,1015.3,Badlapur,2021,12
2022-01-01,19.7,14.1,26.3,12.6,1014.4,Badlapur,2022,1
2022-02-01,23.3,15.9,31.1,0.0,1011.9,Badlapur,2022,2
2022-03-01,29.6,21.4,37.6,0.7,1009.2,Badlapur,2022,3
2022-04-01,34.8,26.8,43.8,0.0,1004.9,Badlapur,2022,4
2022-05-01,36.5,29.8,43.3,0.0,1000.5,Badlapur,2022,5
2022-06-01,32.6,26.9,38.3,318.0,1000.9,Badlapur,2022,6
2022-07-01,27.1,24.2,29.9,412.0,1001.1,Badlapur,2022,7
2022-08-01,28.2,24.4,32.0,127.0,1001.7,Badlapur,2022,8
2022-09-01,28.4,24.0,32.8,203.0,1004.5,Badlapur,2022,9
2022-10-01,27.4,21.8,33.0,87.0,1009.7,Badlapur,2022,10
2022-11-01,24.2,15.8,32.6,0.0,1013.4,Badlapur,2022,11
2022-12-01,24.7,17.3,32.2,6.0,1012.8,Badlapur,2022,12
2023-01-01,23.3,15.3,31.2,0.0,1014.1,Badlapur,2023,1
2023-02-01,24.9,14.0,35.9,0.0,1012.9,Badlapur,2023,2
2023-03-01,27.4,19.3,35.5,14.0,1010.5,Badlapur,2023,3
2023-04-01,30.7,22.5,38.8,59.0,1007.6,Badlapur,2023,4
2023-05-01,33.7,26.0,41.3,4.0,1005.0,Badlapur,2023,5
2023-06-01,33.9,27.9,39.9,29.0,1001.7,Badlapur,2023,6
2023-07-01,28.2,24.5,31.8,522.0,1001.3,Badlapur,2023,7
2023-08-01,27.7,23.5,32.0,48.0,1005.1,Badlapur,2023,8
2023-09-01,27.9,23.7,32.2,160.0,1004.1,Badlapur,2023,9
2023-10-01,28.2,20.7,35.7,0.0,1011.0,Badlapur,2023,10
2023-11-01,25.3,18.1,32.5,105.0,1013.5,Badlapur,2023,11
2023-12-01,23.1,16.3,29.9,11.0,1014.5,Badlapur,2023,12
2024-01-01,23.1,15.6,30.6,0.0,1014.2,Badlapur,2024,1
2024-02-01,26.0,18.0,34.0,9.0,1013.3,Badlapur,2024,2
2024-03-01,29.5,20.6,38.5,1.0,1010.0,Badlapur,2024,3
2024-04-01,32.7,24.9,40.5,25.0,1006.3,Badlapur,2024,4
2024-05-01,35.4,27.7,43.1,1.0,1001.8,Badlapur,2024,5
2024-06-01,31.7,25.6,37.7,147.0,1000.7,Badlapur,2024,6
2024-07-01,27.6,24.1,31.1,438.0,998.7,Badlapur,2024,7
2024-08-01,27.8,24.1,31.5,232.0,1003.5,Badlapur,2024,8
2024-09-01,28.5,24.6,32.4,116.0,1003.9,Badlapur,2024,9
2024-10-01,26.6,22.3,32.0,75.0,1010.1,Badlapur,2024,10
2024-11-01,23.1,17.1,29.7,0.0,1013.6,Badlapur,2024,11
2024-12-01,22.1,16.6,28.7,9.0,1013.7,Badlapur,2024,12
2025-01-01,22.3,15.7,29.8,0.2,1014.0,Badlapur,2025,1
2025-02-01,25.9,18.9,33.5,0.0,1013.3,Badlapur,2025,2
2025-03-01,30.5,21.0,39.9,0.0,1009.1,Badlapur,2025,3
2025-04-01,33.3,26.3,40.6,0.9,1006.7,Badlapur,2025,4
2025-05-01,31.5,26.4,37.6,73.8,1004.1,Badlapur,2025,5
2025-06-01,29.8,26.0,34.8,186.5,1002.3,Badlapur,2025,6
2025-07-01,26.8,24.5,30.0,255.3,1002.3,Badlapur,2025,7
2025-08-01,26.5,23.9,30.1,333.3,1004.7,Badlapur,2025,8
2025-09-01,26.0,23.2,30.0,338.6,1006.0,Badlapur,2025,9
2025-10-01,25.9,21.9,30.7,93.1,1009.8,Badlapur,2025,10
2025-11-01,21.5,15.9,27.9,3.6,1014.6,Badlapur,2025,11
2025-12-01,19.4,12.4,27.5,0.0,1015.7,Badlapur,2025,12
2020-01-01,26.633689154568746,21.414444444444445,32.41121172919362,0.0,1008.9854796888507,Barshi,2020,1
2020-02-01,26.633689154568746,21.414444444444445,32.41121172919362,0.0,1008.9854796888507,Barshi,2020,2
2020-03-01,26.633689154568746,21.414444444444445,32.41121172919362,0.0,1008.9854796888507,Barshi,2020,3
2020-04-01,26.633689154568746,21.414444444444445,32.41121172919362,0.0,1008.9854796888507,Barshi,2020,4
2020-05-01,26.633689154568746,21.414444444444445,32.41121172919362,0.0,1008.9854796888507,Barshi,2020,5
2020-06-01,26.633689154568746,21.414444444444445,32.41121172919362,0.0,1008.9854796888507,Barshi,2020,6
2020-07-01,26.633689154568746,21.414444444444445,32.41121172919362,0.0,1008.9854796888507,Barshi,2020,7
2020-08-01,26.633689154568746,21.414444444444445,32.41121172919362,0.0,1008.9854796888507,Barshi,2020,8
2020-09-01,26.633689154568746,21.414444444444445,32.41121172919362,0.0,1008.9854796888507,Barshi,2020,9
2020-10-01,26.633689154568746,21.414444444444445,32.41121172919362,0.0,1008.9854796888507,Barshi,2020,10
2020-11-01,26.633689154568746,21.414444444444445,32.41121172919362,0.0,1008.9854796888507,Barshi,2020,11
2020-12-01,26.633689154568746,21.414444444444445,32.41121172919362,0.0,1008.9854796888507,Barshi,2020,12
2021-01-01,24.0,19.6,28.9,0.0,1012.4,Barshi,2021,1
2021-02-01,24.6,18.9,30.2,3.1,1013.4,Barshi,2021,2
2021-03-01,29.3,22.7,35.2,2.3,1010.9,Barshi,2021,3
2021-04-01,31.1,25.1,36.7,0.7,1009.3,Barshi,2021,4
2021-05-01,29.5,25.3,34.5,24.8,1006.8,Barshi,2021,5
2021-06-01,25.9,23.3,29.5,63.0,1007.0,Barshi,2021,6
2021-07-01,25.7,23.4,29.0,160.8,1005.3,Barshi,2021,7
2021-08-01,25.6,22.7,29.8,77.8,1007.3,Barshi,2021,8
2021-09-01,24.9,22.4,28.3,163.5,1006.7,Barshi,2021,9
2021-10-01,25.4,21.2,30.0,90.2,1010.0,Barshi,2021,10
2021-11-01,24.8,20.9,29.6,85.3,1011.3,Barshi,2021,11
2021-12-01,22.4,18.0,27.4,43.3,1014.7,Barshi,2021,12
2022-01-01,22.0,16.8,27.5,0.6,1013.6,Barshi,2022,1
2022-02-01,25.2,19.0,31.3,0.0,1011.5,Barshi,2022,2
2022-03-01,30.1,23.6,36.1,0.0,1009.5,Barshi,2022,3
2022-04-01,33.0,26.6,39.4,0.2,1007.5,Barshi,2022,4
2022-05-01,31.5,25.6,38.4,0.0,1004.7,Barshi,2022,5
2022-06-01,27.9,24.3,33.2,142.5,1005.3,Barshi,2022,6
2022-07-01,24.8,22.8,27.8,274.1,1005.4,Barshi,2022,7
2022-08-01,25.4,22.8,29.2,197.2,1005.4,Barshi,2022,8
2022-09-01,24.8,22.4,28.9,226.3,1007.8,Barshi,2022,9
2022-10-01,23.9,20.3,28.6,152.2,1011.3,Barshi,2022,10
2022-11-01,24.5,19.1,30.1,0.2,1013.1,Barshi,2022,11
2022-12-01,24.1,19.2,29.6,20.0,1012.9,Barshi,2022,12
2023-01-01,23.6,17.8,29.3,0.3,1014.2,Barshi,2023,1
2023-02-01,26.0,19.1,32.8,0.1,1013.6,Barshi,2023,2
2023-03-01,27.4,21.4,33.2,0.3,1011.9,Barshi,2023,3
2023-04-01,29.5,23.8,35.2,32.4,1009.7,Barshi,2023,4
2023-05-01,31.5,25.6,37.8,7.1,1008.3,Barshi,2023,5
2023-06-01,29.5,25.0,35.4,54.8,1006.4,Barshi,2023,6
2023-07-01,25.2,23.2,28.7,318.7,1006.0,Barshi,2023,7
2023-08-01,25.9,22.5,30.7,26.2,1008.6,Barshi,2023,8
2023-09-01,25.7,22.8,30.5,196.7,1007.5,Barshi,2023,9
2023-10-01,26.6,21.5,32.0,32.0,1012.2,Barshi,2023,10
2023-11-01,25.8,21.3,30.8,36.9,1013.4,Barshi,2023,11
2023-12-01,22.6,17.7,28.1,0.9,1014.4,Barshi,2023,12
2024-01-01,23.8,18.4,29.4,0.7,1014.2,Barshi,2024,1
2024-02-01,26.7,20.3,32.9,0.0,1014.0,Barshi,2024,2
2024-03-01,30.0,23.3,36.3,0.0,1011.5,Barshi,2024,3
2024-04-01,33.3,27.1,39.3,5.1,1008.0,Barshi,2024,4
2024-05-01,32.3,26.3,39.5,6.2,1005.7,Barshi,2024,5
2024-06-01,26.8,24.3,31.2,281.6,1005.5,Barshi,2024,6
2024-07-01,25.2,23.4,28.3,293.4,1003.8,Barshi,2024,7
2024-08-01,26.7,23.0,32.41121172919362,0.0,1008.9854796888507,Barshi,2024,8
2024-09-01,26.4,22.1,32.41121172919362,218.2,1007.1,Barshi,2024,9
2024-10-01,25.1,21.6,30.0,176.3,1010.6,Barshi,2024,10
2024-11-01,23.5,18.3,29.5,5.4,1013.1,Barshi,2024,11
2024-12-01,22.9,18.0,29.3,0.0,1013.0,Barshi,2024,12
2025-01-01,22.4,16.8,30.2,0.0,1013.5,Barshi,2025,1
2025-02-01,25.5,19.1,33.9,0.0,1013.2,Barshi,2025,2
2025-03-01,26.633689154568746,21.414444444444445,32.41121172919362,0.0,1008.9854796888507,Barshi,2025,3
2025-04-01,31.8,24.5,39.6,3.7,1007.5,Barshi,2025,4
2025-05-01,28.1,24.0,34.4,208.6,1005.5,Barshi,2025,5
2025-06-01,26.6,23.5,31.9,132.4,1005.2,Barshi,2025,6
2025-07-01,25.6,23.1,29.9,104.9,1005.2,Barshi,2025,7
2025-08-01,24.9,22.4,29.2,244.8,1007.1,Barshi,2025,8
2025-09-01,24.4,21.9,28.1,312.9,1008.1,Barshi,2025,9
2025-10-01,24.9,21.1,29.7,78.6,1010.3,Barshi,2025,10
2025-11-01,23.1,17.7,29.2,4.1,1014.3,Barshi,2025,11
2025-12-01,21.3,14.7,28.7,0.0,1014.9,Barshi,2025,12
2020-01-01,26.633689154568746,21.414444444444445,32.41121172919362,0.0,1008.9854796888507,Beed,2020,1
2020-02-01,26.633689154568746,21.414444444444445,32.41121172919362,0.0,1008.9854796888507,Beed,2020,2
2020-03-01,26.633689154568746,21.414444444444445,32.41121172919362,0.0,1008.9854796888507,Beed,2020,3
2020-04-01,26.633689154568746,21.414444444444445,32.41121172919362,0.0,1008.9854796888507,Beed,2020,4
2020-05-01,26.633689154568746,21.414444444444445,32.41121172919362,0.0,1008.9854796888507,Beed,2020,5
2020-06-01,26.633689154568746,21.414444444444445,32.41121172919362,0.0,1008.9854796888507,Beed,2020,6
2020-07-01,26.633689154568746,21.414444444444445,32.41121172919362,0.0,1008.9854796888507,Beed,2020,7
2020-08-01,26.633689154568746,21.414444444444445,32.41121172919362,0.0,1008.9854796888507,Beed,2020,8
2020-09-01,26.633689154568746,21.414444444444445,32.41121172919362,0.0,1008.9854796888507,Beed,2020,9
2020-10-01,26.633689154568746,21.414444444444445,32.41121172919362,0.0,1008.9854796888507,Beed,2020,10
2020-11-01,26.633689154568746,21.414444444444445,32.41121172919362,0.0,1008.9854796888507,Beed,2020,11
2020-12-01,26.633689154568746,21.414444444444445,32.41121172919362,0.0,1008.9854796888507,Beed,2020,12
2021-01-01,23.3,17.7,29.7,0.0,1012.8,Beed,2021,1
2021-02-01,23.3,16.2,30.8,9.2,1013.9,Beed,2021,2
2021-03-01,28.3,20.8,35.8,0.5,1011.1,Beed,2021,3
2021-04-01,31.3,24.4,38.5,1.1,1008.8,Beed,2021,4
2021-05-01,31.3,25.6,37.7,22.5,1005.9,Beed,2021,5
2021-06-01,27.7,24.0,32.7,83.4,1005.7,Beed,2021,6
2021-07-01,26.4,23.3,30.7,252.3,1004.0,Beed,2021,7
2021-08-01,25.6,22.4,29.6,264.3,1006.3,Beed,2021,8
2021-09-01,24.7,22.1,28.5,306.0,1005.8,Beed,2021,9
2021-10-01,24.1,19.5,29.5,78.7,1010.2,Beed,2021,10
2021-11-01,23.9,18.8,30.0,30.7,1011.8,Beed,2021,11
2021-12-01,21.3,15.7,27.8,22.4,1015.3,Beed,2021,12
2022-01-01,19.7,13.8,26.4,3.9,1014.3,Beed,2022,1
2022-02-01,23.5,16.1,31.2,0.0,1012.0,Beed,2022,2
2022-03-01,29.3,22.1,36.6,0.2,1009.8,Beed,2022,3
2022-04-01,33.3,25.4,40.6,0.0,1007.2,Beed,2022,4
2022-05-01,33.5,26.7,40.3,0.0,1003.7,Beed,2022,5
2022-06-01,29.1,24.7,35.3,163.8,1004.4,Beed,2022,6
2022-07-01,24.8,22.6,28.3,396.7,1004.3,Beed,2022,7
2022-08-01,25.2,22.3,29.1,187.6,1004.6,Beed,2022,8
2022-09-01,24.6,21.8,28.8,300.1,1007.3,Beed,2022,9
2022-10-01,23.3,19.4,28.3,165.2,1011.5,Beed,2022,10
2022-11-01,21.7,15.5,28.6,0.0,1014.0,Beed,2022,11
2022-12-01,22.3,16.6,29.1,6.5,1013.6,Beed,2022,12
2023-01-01,21.0,14.6,28.4,2.5,1014.8,Beed,2023,1
2023-02-01,22.9,15.4,31.3,0.0,1014.3,Beed,2023,2
2023-03-01,25.5,18.6,32.8,11.5,1012.4,Beed,2023,3
2023-04-01,28.8,22.3,36.2,15.1,1009.9,Beed,2023,4
2023-05-01,31.9,25.0,38.8,0.4,1008.0,Beed,2023,5
2023-06-01,30.6,25.4,36.9,56.8,1005.3,Beed,2023,6
2023-07-01,25.6,23.2,29.4,410.0,1004.8,Beed,2023,7
2023-08-01,25.4,22.1,29.5,68.3,1007.8,Beed,2023,8
2023-09-01,25.3,22.4,29.5,221.7,1006.9,Beed,2023,9
2023-10-01,24.8,19.0,31.1,0.0,1012.7,Beed,2023,10
2023-11-01,24.0,18.5,30.1,36.6,1014.1,Beed,2023,11
2023-12-01,20.8,15.5,27.2,31.9,1015.2,Beed,2023,12
2024-01-01,21.2,15.3,28.2,1.4,1015.0,Beed,2024,1
2024-02-01,24.2,17.2,31.7,1.9,1014.7,Beed,2024,2
2024-03-01,28.1,20.9,35.6,0.5,1012.0,Beed,2024,3
2024-04-01,31.8,25.0,39.2,9.6,1008.6,Beed,2024,4
2024-05-01,33.2,26.5,40.6,8.4,1005.1,Beed,2024,5
2024-06-01,28.1,24.4,33.7,233.4,1004.6,Beed,2024,6
2024-07-01,25.5,23.4,28.8,415.8,1002.5,Beed,2024,7
2024-08-01,25.9,22.6,30.3,0.0,1008.9854796888507,Beed,2024,8
2024-09-01,25.7,21.8,30.4,192.1,1007.3,Beed,2024,9
2024-10-01,25.1,21.1,30.3,86.0,1010.8,Beed,2024,10
2024-11-01,22.6,16.8,28.8,0.0,1013.9,Beed,2024,11
2024-12-01,21.8,16.5,28.1,0.0,1013.8,Beed,2024,12
2025-01-01,21.8,15.7,28.9,0.4,1014.1,Beed,2025,1
2025-02-01,25.2,18.5,32.5,0.0,1013.7,Beed,2025,2
2025-03-01,26.633689154568746,21.414444444444445,32.41121172919362,0.0,1008.9854796888507,Beed,2025,3
2025-04-01,32.0,24.7,39.1,1.3,1007.7,Beed,2025,4
2025-05-01,29.1,24.4,35.2,157.6,1005.3,Beed,2025,5
2025-06-01,27.7,24.0,32.8,129.1,1003.9,Beed,2025,6
2025-07-01,25.7,23.1,29.6,206.5,1003.8,Beed,2025,7
2025-08-01,25.1,22.5,29.0,250.1,1006.1,Beed,2025,8
2025-09-01,24.6,21.9,28.6,276.3,1007.3,Beed,2025,9
2025-10-01,24.8,20.7,29.9,112.1,1010.4,Beed,2025,10
2025-11-01,21.1,15.5,27.5,18.4,1014.9,Beed,2025,11
2025-12-01,19.2,12.2,27.2,0.0,1015.7,Beed,2025,12
2020-01-01,24.9,19.2,29.9,0.0,1013.4,Bhiwandi,2020,1
2020-02-01,27.3,21.0,32.6,0.0,1012.7,Bhiwandi,2020,2
2020-03-01,27.7,22.6,31.9,0.0,1011.2,Bhiwandi,2020,3
2020-04-01,30.2,26.4,33.9,0.0,1009.6,Bhiwandi,2020,4
2020-05-01,31.1,28.6,34.0,0.0,1007.3,Bhiwandi,2020,5
2020-06-01,29.2,26.0,32.3,525.0,1003.7,Bhiwandi,2020,6
2020-07-01,28.1,25.4,30.5,1501.9,1003.2,Bhiwandi,2020,7
2020-08-01,27.6,25.0,29.6,826.5,1003.3,Bhiwandi,2020,8
2020-09-01,28.4,25.3,31.4,320.0,1005.6,Bhiwandi,2020,9
2020-10-01,29.2,25.6,32.7,224.0,1007.3,Bhiwandi,2020,10
2020-11-01,28.7,23.1,33.9,0.0,1011.8,Bhiwandi,2020,11
2020-12-01,26.6,20.8,32.3,25.0,1012.0,Bhiwandi,2020,12
2021-01-01,25.9,20.5,30.9,1.0,1011.1,Bhiwandi,2021,1
2021-02-01,27.3,21.4,32.9,0.0,1012.1,Bhiwandi,2021,2
2021-03-01,29.7,23.9,35.0,0.0,1010.0,Bhiwandi,2021,3
2021-04-01,30.0,26.2,33.6,0.0,1009.1,Bhiwandi,2021,4
2021-05-01,30.7,27.8,33.8,154.4,1005.5,Bhiwandi,2021,5
2021-06-01,28.6,25.5,31.5,317.0,1005.3,Bhiwandi,2021,6
2021-07-01,28.6,25.7,30.8,773.9,1003.8,Bhiwandi,2021,7
2021-08-01,27.8,25.1,30.0,295.1,1006.3,Bhiwandi,2021,8
2021-09-01,27.7,24.8,30.1,436.9,1005.1,Bhiwandi,2021,9
2021-10-01,29.4,25.2,33.5,31.8,1008.6,Bhiwandi,2021,10
2021-11-01,29.5,25.0,34.1,50.1,1009.2,Bhiwandi,2021,11
2021-12-01,25.8,21.0,30.6,103.3,1013.3,Bhiwandi,2021,12
2022-01-01,24.5,19.3,29.3,9.6,1012.9,Bhiwandi,2022,1
2022-02-01,25.3,19.3,30.5,0.0,1011.3,Bhiwandi,2022,2
2022-03-01,30.0,24.7,34.9,0.1,1008.9,Bhiwandi,2022,3
2022-04-01,30.6,26.8,34.5,0.0,1008.0,Bhiwandi,2022,4
2022-05-01,30.9,28.8,34.0,7.0,1005.7,Bhiwandi,2022,5
2022-06-01,29.3,26.6,32.9,298.3,1004.4,Bhiwandi,2022,6
2022-07-01,27.8,25.3,29.8,1185.2,1004.0,Bhiwandi,2022,7
2022-08-01,27.7,25.1,30.3,550.9,1004.2,Bhiwandi,2022,8
2022-09-01,27.5,24.7,30.2,528.4,1006.6,Bhiwandi,2022,9
2022-10-01,28.4,24.5,32.4,165.5,1009.8,Bhiwandi,2022,10
2022-11-01,27.9,21.9,33.6,0.0,1011.7,Bhiwandi,2022,11
2022-12-01,27.3,21.8,32.5,6.2,1011.4,Bhiwandi,2022,12
2023-01-01,24.4,18.7,29.5,0.0,1013.4,Bhiwandi,2023,1
2023-02-01,28.1,20.6,34.2,0.0,1012.4,Bhiwandi,2023,2
2023-03-01,28.9,23.6,33.5,21.0,1011.2,Bhiwandi,2023,3
2023-04-01,30.0,25.8,33.8,15.3,1009.0,Bhiwandi,2023,4
2023-05-01,30.8,28.3,33.6,0.6,1008.8,Bhiwandi,2023,5
2023-06-01,30.4,27.8,33.7,561.1,1005.7,Bhiwandi,2023,6
2023-07-01,27.8,25.3,29.4,1768.9,1004.7,Bhiwandi,2023,7
2023-08-01,28.6,26.3,30.8,187.3,1007.9,Bhiwandi,2023,8
2023-09-01,28.2,25.2,31.0,483.8,1006.6,Bhiwandi,2023,9
2023-10-01,30.2,25.8,34.5,13.0,1011.0,Bhiwandi,2023,10
2023-11-01,29.4,24.3,34.4,7.1,1011.7,Bhiwandi,2023,11
2023-12-01,27.9,22.8,32.9,0.0,1012.3,Bhiwandi,2023,12
2024-01-01,26.3,19.9,31.3,1.1,1013.2,Bhiwandi,2024,1
2024-02-01,27.1,20.6,32.6,0.0,1013.5,Bhiwandi,2024,2
2024-03-01,28.3,23.2,32.8,0.1,1011.9,Bhiwandi,2024,3
2024-04-01,30.7,26.6,34.7,0.0,1008.2,Bhiwandi,2024,4
2024-05-01,31.1,28.6,34.2,1.4,1005.9,Bhiwandi,2024,5
2024-06-01,29.7,27.2,33.2,351.3,1004.0,Bhiwandi,2024,6
2024-07-01,27.5,25.3,29.8,1663.8,1002.1,Bhiwandi,2024,7
2024-08-01,28.2,26.3,30.9,390.5,1005.7,Bhiwandi,2024,8
2024-09-01,27.7,25.2,30.6,659.3,1006.5,Bhiwandi,2024,9
2024-10-01,29.3,25.6,33.3,112.0,1008.8,Bhiwandi,2024,10
2024-11-01,28.4,22.6,34.1,0.5,1011.2,Bhiwandi,2024,11
2024-12-01,26.2,20.6,32.0,0.0,1011.7,Bhiwandi,2024,12
2025-01-01,26.2,20.0,32.2,0.0,1011.9,Bhiwandi,2025,1
2025-02-01,28.0,21.2,34.0,0.0,1012.2,Bhiwandi,2025,2
2025-03-01,29.3,24.2,34.4,0.0,1010.0,Bhiwandi,2025,3
2025-04-01,30.2,26.7,34.1,0.7,1008.2,Bhiwandi,2025,4
2025-05-01,29.5,25.8,32.9,237.0,1005.0,Bhiwandi,2025,5
2025-06-01,28.6,26.2,31.4,510.9,1003.6,Bhiwandi,2025,6
2025-07-01,28.1,26.0,30.0,801.7,1003.5,Bhiwandi,2025,7
2025-08-01,27.4,25.5,29.5,1098.0,1005.7,Bhiwandi,2025,8
2025-09-01,27.0,25.4,29.0,480.7,1007.2,Bhiwandi,2025,9
2025-10-01,29.1,26.3,32.8,170.2,1008.0,Bhiwandi,2025,10
2025-11-01,27.8,24.3,32.0,9.2,1012.5,Bhiwandi,2025,11
2025-12-01,27.0,22.8,32.1,0.0,1012.9,Bhiwandi,2025,12
2020-01-01,26.633689154568746,21.414444444444445,32.41121172919362,0.0,1008.9854796888507,Bhusawal,2020,1
2020-02-01,26.633689154568746,21.414444444444445,32.41121172919362,0.0,1008.9854796888507,Bhusawal,2020,2
2020-03-01,26.633689154568746,21.414444444444445,32.41121172919362,0.0,1008.9854796888507,Bhusawal,2020,3
2020-04-01,26.633689154568746,21.414444444444445,32.41121172919362,0.0,1008.9854796888507,Bhusawal,2020,4
2020-05-01,26.633689154568746,21.414444444444445,32.41121172919362,0.0,1008.9854796888507,Bhusawal,2020,5
2020-06-01,26.633689154568746,21.414444444444445,32.41121172919362,0.0,1008.9854796888507,Bhusawal,2020,6
2020-07-01,26.633689154568746,21.414444444444445,32.41121172919362,0.0,1008.9854796888507,Bhusawal,2020,7
2020-08-01,26.633689154568746,21.414444444444445,32.41121172919362,0.0,1008.9854796888507,Bhusawal,2020,8
2020-09-01,26.633689154568746,21.414444444444445,32.41121172919362,0.0,1008.9854796888507,Bhusawal,2020,9
2020-10-01,26.633689154568746,21.414444444444445,32.41121172919362,0.0,1008.9854796888507,Bhusawal,2020,10
2020-11-01,26.633689154568746,21.414444444444445,32.41121172919362,0.0,1008.9854796888507,Bhusawal,2020,11
2020-12-01,26.633689154568746,21.414444444444445,32.41121172919362,0.0,1008.9854796888507,Bhusawal,2020,12
2021-01-01,24.2,17.2,31.2,0.0,1012.5,Bhusawal,2021,1
2021-02-01,25.0,15.9,33.1,0.3,1013.4,Bhusawal,2021,2
2021-03-01,29.7,20.0,38.1,0.0,1010.3,Bhusawal,2021,3
2021-04-01,33.0,25.3,40.6,0.0,1007.9,Bhusawal,2021,4
2021-05-01,33.4,27.5,40.0,2.0,1004.7,Bhusawal,2021,5
2021-06-01,30.8,26.7,36.4,43.3,1003.9,Bhusawal,2021,6
2021-07-01,28.8,25.5,33.3,168.1,1002.3,Bhusawal,2021,7
2021-08-01,27.5,24.4,31.4,156.5,1005.0,Bhusawal,2021,8
2021-09-01,26.6,24.0,30.8,370.8,1004.3,Bhusawal,2021,9
2021-10-01,25.6,21.1,32.0,69.5,1009.4,Bhusawal,2021,10
2021-11-01,25.0,19.3,31.6,11.9,1011.3,Bhusawal,2021,11
2021-12-01,21.6,15.8,28.2,31.2,1015.1,Bhusawal,2021,12
2022-01-01,20.6,14.3,27.6,2.3,1014.2,Bhusawal,2022,1
2022-02-01,23.9,14.8,32.4,0.0,1011.7,Bhusawal,2022,2
2022-03-01,30.1,21.2,38.4,2.0,1009.1,Bhusawal,2022,3
2022-04-01,34.6,26.4,42.9,0.0,1006.2,Bhusawal,2022,4
2022-05-01,35.0,27.8,42.2,0.0,1002.7,Bhusawal,2022,5
2022-06-01,31.5,26.4,38.0,118.5,1002.9,Bhusawal,2022,6
2022-07-01,26.5,24.2,30.2,545.1,1002.7,Bhusawal,2022,7
2022-08-01,26.7,24.0,31.0,229.7,1003.3,Bhusawal,2022,8
2022-09-01,26.5,23.7,31.4,240.4,1006.1,Bhusawal,2022,9
2022-10-01,25.5,20.8,32.3,92.4,1010.5,Bhusawal,2022,10
2022-11-01,23.5,16.5,31.5,0.0,1013.5,Bhusawal,2022,11
2022-12-01,23.4,17.6,30.7,17.1,1012.9,Bhusawal,2022,12
2023-01-01,21.2,14.3,28.9,3.0,1014.7,Bhusawal,2023,1
2023-02-01,23.5,14.0,34.1,0.0,1013.9,Bhusawal,2023,2
2023-03-01,26.9,19.9,34.8,20.1,1011.7,Bhusawal,2023,3
2023-04-01,30.9,24.1,38.7,18.3,1008.8,Bhusawal,2023,4
2023-05-01,33.6,26.7,40.8,2.0,1006.9,Bhusawal,2023,5
2023-06-01,32.3,27.5,38.4,104.6,1003.9,Bhusawal,2023,6
2023-07-01,27.2,24.8,31.1,412.6,1003.2,Bhusawal,2023,7
2023-08-01,27.0,23.8,31.1,81.5,1006.3,Bhusawal,2023,8
2023-09-01,27.1,24.1,31.5,232.7,1005.5,Bhusawal,2023,9
2023-10-01,26.8,20.9,34.1,0.0,1011.6,Bhusawal,2023,10
2023-11-01,25.1,19.5,31.9,57.7,1013.5,Bhusawal,2023,11
2023-12-01,22.2,17.3,29.0,0.5,1014.7,Bhusawal,2023,12
2024-01-01,22.4,16.3,29.7,0.5,1014.5,Bhusawal,2024,1
2024-02-01,25.4,18.3,33.1,0.0,1014.1,Bhusawal,2024,2
2024-03-01,28.8,21.2,37.0,0.1,1011.2,Bhusawal,2024,3
2024-04-01,33.5,26.3,41.1,8.1,1007.5,Bhusawal,2024,4
2024-05-01,35.4,28.8,42.6,0.6,1003.7,Bhusawal,2024,5
2024-06-01,31.1,26.9,37.2,192.6,1002.8,Bhusawal,2024,6
2024-07-01,27.2,25.0,30.8,572.2,1000.7,Bhusawal,2024,7
2024-08-01,25.6,22.6,28.4,0.0,1008.9854796888507,Bhusawal,2024,8
2024-09-01,25.3,22.0,28.9,200.3,1008.9854796888507,Bhusawal,2024,9
2024-10-01,26.9,22.7,32.9,91.3,1009.6,Bhusawal,2024,10
2024-11-01,23.3,17.4,30.8,0.0,1013.3,Bhusawal,2024,11
2024-12-01,21.6,16.5,28.7,0.0,1013.5,Bhusawal,2024,12
2025-01-01,21.0,15.3,29.0,0.2,1013.8,Bhusawal,2025,1
2025-02-01,23.9,17.2,32.3,0.0,1013.4,Bhusawal,2025,2
2025-03-01,26.633689154568746,21.414444444444445,32.41121172919362,0.0,1008.9854796888507,Bhusawal,2025,3
2025-04-01,33.3,25.6,41.3,0.2,1006.6,Bhusawal,2025,4
2025-05-01,30.9,26.3,36.9,33.9,1004.1,Bhusawal,2025,5
2025-06-01,29.6,25.9,34.7,224.2,1002.2,Bhusawal,2025,6
2025-07-01,27.1,24.6,31.0,165.0,1002.3,Bhusawal,2025,7
2025-08-01,26.8,24.2,30.7,215.1,1004.6,Bhusawal,2025,8
2025-09-01,26.2,23.7,30.1,318.3,1006.1,Bhusawal,2025,9
2025-10-01,26.0,21.9,31.2,86.5,1009.6,Bhusawal,2025,10
2025-11-01,22.7,17.0,29.5,12.4,1014.4,Bhusawal,2025,11
2025-12-01,20.3,13.8,28.7,0.0,1015.5,Bhusawal,2025,12
2020-01-01,26.633689154568746,21.414444444444445,32.41121172919362,0.0,1008.9854796888507,Chandrapur,2020,1
2020-02-01,26.633689154568746,21.414444444444445,32.41121172919362,0.0,1008.9854796888507,Chandrapur,2020,2
2020-03-01,26.633689154568746,21.414444444444445,32.41121172919362,0.0,1008.9854796888507,Chandrapur,2020,3
2020-04-01,26.633689154568746,21.414444444444445,32.41121172919362,0.0,1008.9854796888507,Chandrapur,2020,4
2020-05-01,26.633689154568746,21.414444444444445,32.41121172919362,0.0,1008.9854796888507,Chandrapur,2020,5
2020-06-01,26.633689154568746,21.414444444444445,32.41121172919362,0.0,1008.9854796888507,Chandrapur,2020,6
2020-07-01,26.633689154568746,21.414444444444445,32.41121172919362,0.0,1008.9854796888507,Chandrapur,2020,7
2020-08-01,26.633689154568746,21.414444444444445,32.41121172919362,0.0,1008.9854796888507,Chandrapur,2020,8
2020-09-01,26.633689154568746,21.414444444444445,32.41121172919362,0.0,1008.9854796888507,Chandrapur,2020,9
2020-10-01,26.633689154568746,21.414444444444445,32.41121172919362,0.0,1008.9854796888507,Chandrapur,2020,10
2020-11-01,26.633689154568746,21.414444444444445,32.41121172919362,0.0,1008.9854796888507,Chandrapur,2020,11
2020-12-01,26.633689154568746,21.414444444444445,32.41121172919362,0.0,1008.9854796888507,Chandrapur,2020,12
2021-01-01,24.3,18.3,31.2,0.0,1012.5,Chandrapur,2021,1
2021-02-01,24.7,17.4,32.8,4.0,1013.3,Chandrapur,2021,2
2021-03-01,29.6,22.2,38.3,0.3,1010.3,Chandrapur,2021,3
2021-04-01,32.6,25.3,40.4,11.3,1007.7,Chandrapur,2021,4
2021-05-01,34.0,28.5,40.5,20.8,1004.3,Chandrapur,2021,5
2021-06-01,29.7,24.7,34.5,337.0,1003.6,Chandrapur,2021,6
2021-07-01,28.2,24.7,32.0,354.8,1002.1,Chandrapur,2021,7
2021-08-01,28.0,24.4,31.8,194.1,1004.3,Chandrapur,2021,8
2021-09-01,27.1,23.9,31.1,313.7,1004.3,Chandrapur,2021,9
2021-10-01,26.2,21.7,32.1,71.8,1008.8,Chandrapur,2021,10
2021-11-01,25.0,20.1,31.1,41.8,1011.5,Chandrapur,2021,11
2021-12-01,22.1,15.9,28.6,12.8,1015.1,Chandrapur,2021,12
2022-01-01,20.3,14.8,26.9,33.1,1014.2,Chandrapur,2022,1
2022-02-01,23.5,16.5,31.0,2.0,1012.0,Chandrapur,2022,2
2022-03-01,29.6,21.6,38.2,0.0,1008.9,Chandrapur,2022,3
2022-04-01,34.4,27.4,42.5,0.0,1006.0,Chandrapur,2022,4
2022-05-01,35.3,29.4,42.6,0.0,1001.7,Chandrapur,2022,5
2022-06-01,32.2,27.8,38.4,147.4,1002.1,Chandrapur,2022,6
2022-07-01,26.4,24.2,29.7,927.1,1002.0,Chandrapur,2022,7
2022-08-01,27.2,24.3,31.0,378.0,1002.8,Chandrapur,2022,8
2022-09-01,26.8,24.0,31.1,278.2,1005.5,Chandrapur,2022,9
2022-10-01,25.2,20.9,31.2,116.1,1010.2,Chandrapur,2022,10
2022-11-01,22.8,16.5,29.9,0.0,1013.3,Chandrapur,2022,11
2022-12-01,23.0,17.1,30.0,16.3,1013.1,Chandrapur,2022,12
2023-01-01,22.4,16.1,29.5,0.5,1014.6,Chandrapur,2023,1
2023-02-01,24.7,16.8,33.2,0.0,1013.4,Chandrapur,2023,2
2023-03-01,27.8,20.9,35.6,30.2,1011.4,Chandrapur,2023,3
2023-04-01,31.0,23.6,38.4,31.6,1009.0,Chandrapur,2023,4
2023-05-01,33.2,25.7,39.8,57.3,1006.3,Chandrapur,2023,5
2023-06-01,34.1,29.0,39.5,83.9,1002.6,Chandrapur,2023,6
2023-07-01,28.0,24.9,31.8,664.9,1002.4,Chandrapur,2023,7
2023-08-01,27.9,24.5,32.1,186.3,1005.5,Chandrapur,2023,8
2023-09-01,27.7,24.1,31.4,300.3,1004.8,Chandrapur,2023,9
2023-10-01,27.2,21.1,33.4,40.1,1011.2,Chandrapur,2023,10
2023-11-01,25.7,19.8,31.8,12.9,1013.7,Chandrapur,2023,11
2023-12-01,22.0,16.1,28.7,20.4,1014.9,Chandrapur,2023,12
2024-01-01,23.5,17.6,30.5,0.5,1014.6,Chandrapur,2024,1
2024-02-01,26.4,19.3,33.5,11.7,1014.1,Chandrapur,2024,2
2024-03-01,29.9,22.5,37.7,13.9,1011.0,Chandrapur,2024,3
2024-04-01,33.0,25.3,39.8,34.0,1007.8,Chandrapur,2024,4
2024-05-01,34.5,26.9,41.5,20.4,1003.5,Chandrapur,2024,5
2024-06-01,32.4,26.0,38.3,230.1,1002.5,Chandrapur,2024,6
2024-07-01,28.5,23.3,30.9,1005.5,1000.5,Chandrapur,2024,7
2024-08-01,28.5,23.7,32.1,0.0,1008.9854796888507,Chandrapur,2024,8
2024-09-01,28.4,23.1,32.0,213.9,1008.9854796888507,Chandrapur,2024,9
2024-10-01,28.3,23.2,33.5,106.0,1009.4,Chandrapur,2024,10
2024-11-01,23.9,18.2,30.4,0.0,1013.1,Chandrapur,2024,11
2024-12-01,23.1,18.0,29.4,0.0,1013.4,Chandrapur,2024,12
2025-01-01,22.8,16.3,30.4,0.0,1013.9,Chandrapur,2025,1
2025-02-01,27.1,19.3,34.8,50.0,1012.7,Chandrapur,2025,2
2025-03-01,26.633689154568746,21.414444444444445,32.41121172919362,0.0,1008.9854796888507,Chandrapur,2025,3
2025-04-01,33.7,26.4,41.8,9.2,1006.4,Chandrapur,2025,4
2025-05-01,32.3,26.0,38.6,123.5,1003.5,Chandrapur,2025,5
2025-06-01,30.4,25.5,35.6,248.8,1001.9,Chandrapur,2025,6
2025-07-01,27.6,24.4,30.7,518.5,1001.7,Chandrapur,2025,7
2025-08-01,28.0,24.4,31.6,328.1,1004.0,Chandrapur,2025,8
2025-09-01,26.6,23.9,30.6,350.0,1005.3,Chandrapur,2025,9
2025-10-01,26.5,22.9,31.2,111.3,1009.1,Chandrapur,2025,10
2025-11-01,22.5,16.8,29.1,1.7,1014.1,Chandrapur,2025,11
2025-12-01,20.2,13.4,28.1,0.0,1015.3,Chandrapur,2025,12
2020-01-01,26.633689154568746,21.414444444444445,32.41121172919362,0.0,1008.9854796888507,Dhule,2020,1
2020-02-01,26.633689154568746,21.414444444444445,32.41121172919362,0.0,1008.9854796888507,Dhule,2020,2
2020-03-01,26.633689154568746,21.414444444444445,32.41121172919362,0.0,1008.9854796888507,Dhule,2020,3
2020-04-01,26.633689154568746,21.414444444444445,32.41121172919362,0.0,1008.9854796888507,Dhule,2020,4
2020-05-01,26.633689154568746,21.414444444444445,32.41121172919362,0.0,1008.9854796888507,Dhule,2020,5
2020-06-01,26.633689154568746,21.414444444444445,32.41121172919362,0.0,1008.9854796888507,Dhule,2020,6
2020-07-01,26.633689154568746,21.414444444444445,32.41121172919362,0.0,1008.9854796888507,Dhule,2020,7
2020-08-01,26.633689154568746,21.414444444444445,32.41121172919362,0.0,1008.9854796888507,Dhule,2020,8
2020-09-01,26.633689154568746,21.414444444444445,32.41121172919362,0.0,1008.9854796888507,Dhule,2020,9
2020-10-01,26.633689154568746,21.414444444444445,32.41121172919362,0.0,1008.9854796888507,Dhule,2020,10
2020-11-01,26.633689154568746,21.414444444444445,32.41121172919362,0.0,1008.9854796888507,Dhule,2020,11
2020-12-01,26.633689154568746,21.414444444444445,32.41121172919362,0.0,1008.9854796888507,Dhule,2020,12
2021-01-01,22.4,16.8,29.4,0.0,1012.9,Dhule,2021,1
2021-02-01,23.4,16.4,30.8,1.3,1014.0,Dhule,2021,2
2021-03-01,28.3,20.9,35.9,0.4,1011.1,Dhule,2021,3
2021-04-01,31.4,24.2,38.5,0.0,1009.0,Dhule,2021,4
2021-05-01,30.7,24.9,37.5,14.2,1005.9,Dhule,2021,5
2021-06-01,28.1,24.4,33.7,70.5,1005.3,Dhule,2021,6
2021-07-01,26.9,23.9,31.8,220.0,1003.7,Dhule,2021,7
2021-08-01,25.8,22.7,30.1,150.5,1006.0,Dhule,2021,8
2021-09-01,25.2,22.6,29.2,316.8,1005.2,Dhule,2021,9
2021-10-01,24.5,19.8,29.9,76.6,1009.8,Dhule,2021,10
2021-11-01,24.2,18.4,30.4,19.2,1011.3,Dhule,2021,11
2021-12-01,20.4,15.3,26.4,70.2,1014.8,Dhule,2021,12
2022-01-01,19.3,13.2,26.4,3.0,1014.0,Dhule,2022,1
2022-02-01,23.0,15.0,31.2,0.0,1011.7,Dhule,2022,2
2022-03-01,29.1,20.5,36.7,0.7,1009.8,Dhule,2022,3
2022-04-01,33.1,25.2,40.8,0.0,1007.6,Dhule,2022,4
2022-05-01,32.3,25.4,40.4,0.0,1004.5,Dhule,2022,5
2022-06-01,28.8,24.3,35.3,146.1,1004.4,Dhule,2022,6
2022-07-01,25.4,23.2,28.9,432.0,1003.9,Dhule,2022,7
2022-08-01,25.5,22.8,29.5,116.3,1004.3,Dhule,2022,8
2022-09-01,24.9,22.1,29.3,247.0,1007.2,Dhule,2022,9
2022-10-01,24.1,19.7,29.5,75.5,1011.4,Dhule,2022,10
2022-11-01,23.0,16.8,29.7,0.0,1013.9,Dhule,2022,11
2022-12-01,22.4,16.7,29.3,27.3,1013.5,Dhule,2022,12
2023-01-01,20.5,14.1,28.1,1.1,1015.0,Dhule,2023,1
2023-02-01,23.4,15.8,31.9,0.0,1014.2,Dhule,2023,2
2023-03-01,25.6,18.7,33.1,7.6,1012.3,Dhule,2023,3
2023-04-01,29.4,22.6,36.8,21.5,1009.6,Dhule,2023,4
2023-05-01,31.4,24.6,38.7,0.5,1008.3,Dhule,2023,5
2023-06-01,29.8,24.9,36.2,75.5,1005.4,Dhule,2023,6
2023-07-01,26.0,23.9,29.9,236.1,1004.5,Dhule,2023,7
2023-08-01,26.0,22.9,30.3,20.5,1007.5,Dhule,2023,8
2023-09-01,25.9,22.8,30.4,193.0,1006.8,Dhule,2023,9
2023-10-01,27.0,20.9,33.2,0.6,1012.5,Dhule,2023,10
2023-11-01,25.0,19.6,31.3,50.6,1014.0,Dhule,2023,11
2023-12-01,21.9,16.4,28.5,3.1,1015.0,Dhule,2023,12
2024-01-01,21.5,15.2,28.8,6.4,1015.0,Dhule,2024,1
2024-02-01,24.1,17.0,31.8,0.0,1014.8,Dhule,2024,2
2024-03-01,27.9,20.3,36.1,0.0,1012.2,Dhule,2024,3
2024-04-01,32.4,25.2,39.6,0.0,1008.5,Dhule,2024,4
2024-05-01,33.1,26.3,40.6,11.1,1005.4,Dhule,2024,5
2024-06-01,28.7,25.0,34.7,193.2,1004.3,Dhule,2024,6
2024-07-01,26.3,24.2,29.9,396.4,1002.0,Dhule,2024,7
2024-08-01,26.633689154568746,21.414444444444445,32.41121172919362,0.0,1008.9854796888507,Dhule,2024,8
2024-09-01,26.633689154568746,21.414444444444445,32.41121172919362,0.0,1008.9854796888507,Dhule,2024,9
2024-10-01,25.3,21.3,30.5,123.0,1010.5,Dhule,2024,10
2024-11-01,23.1,17.4,29.8,0.0,1013.7,Dhule,2024,11
2024-12-01,21.2,15.7,28.0,0.0,1013.8,Dhule,2024,12
2025-01-01,21.1,15.1,28.4,0.1,1014.2,Dhule,2025,1
2025-02-01,24.0,17.2,32.0,0.0,1013.9,Dhule,2025,2
2025-03-01,26.633689154568746,21.414444444444445,32.41121172919362,0.0,1008.9854796888507,Dhule,2025,3
2025-04-01,32.2,24.9,39.8,0.1,1007.7,Dhule,2025,4
2025-05-01,29.2,24.6,35.8,82.8,1005.3,Dhule,2025,5
2025-06-01,27.7,24.2,32.9,207.4,1003.6,Dhule,2025,6
2025-07-01,26.0,23.5,29.8,129.9,1003.7,Dhule,2025,7
2025-08-01,25.5,22.8,29.7,236.8,1005.9,Dhule,2025,8
2025-09-01,24.8,22.0,29.0,349.9,1007.3,Dhule,2025,9
2025-10-01,24.5,20.5,29.6,116.8,1010.4,Dhule,2025,10
2025-11-01,21.4,15.8,28.0,7.5,1014.8,Dhule,2025,11
2025-12-01,19.1,12.7,26.9,0.0,1015.8,Dhule,2025,12
2020-01-01,26.633689154568746,21.414444444444445,32.41121172919362,0.0,1008.9854796888507,Ichalkaranji,2020,1
2020-02-01,26.633689154568746,21.414444444444445,32.41121172919362,0.0,1008.9854796888507,Ichalkaranji,2020,2
2020-03-01,26.633689154568746,21.414444444444445,32.41121172919362,0.0,1008.9854796888507,Ichalkaranji,2020,3
2020-04-01,26.633689154568746,21.414444444444445,32.41121172919362,0.0,1008.9854796888507,Ichalkaranji,2020,4
2020-05-01,26.633689154568746,21.414444444444445,32.41121172919362,0.0,1008.9854796888507,Ichalkaranji,2020,5
2020-06-01,27.1,22.8,32.41121172919362,0.0,1008.9854796888507,Ichalkaranji,2020,6
2020-07-01,26.1,22.5,32.41121172919362,0.0,1008.9854796888507,Ichalkaranji,2020,7
2020-08-01,25.5,21.8,32.41121172919362,438.0,1008.9854796888507,Ichalkaranji,2020,8
2020-09-01,26.633689154568746,21.414444444444445,32.41121172919362,0.0,1008.9854796888507,Ichalkaranji,2020,9
2020-10-01,26.633689154568746,21.414444444444445,32.41121172919362,0.0,1008.9854796888507,Ichalkaranji,2020,10
2020-11-01,26.633689154568746,21.414444444444445,32.41121172919362,0.0,1008.9854796888507,Ichalkaranji,2020,11
2020-12-01,26.633689154568746,21.414444444444445,32.41121172919362,0.0,1008.9854796888507,Ichalkaranji,2020,12
2021-01-01,24.2,18.6,30.0,0.0,1012.4,Ichalkaranji,2021,1
2021-02-01,24.1,17.7,31.3,5.0,1013.4,Ichalkaranji,2021,2
2021-03-01,27.7,21.1,35.8,0.0,1011.2,Ichalkaranji,2021,3
2021-04-01,29.1,21.5,36.1,57.9,1010.4,Ichalkaranji,2021,4
2021-05-01,28.7,23.1,33.3,154.3,1007.8,Ichalkaranji,2021,5
2021-06-01,26.3,22.0,28.8,296.4,1008.4,Ichalkaranji,2021,6
2021-07-01,25.4,21.8,27.4,648.8,1007.1,Ichalkaranji,2021,7
2021-08-01,25.6,21.6,27.8,81.5,1008.8,Ichalkaranji,2021,8
2021-09-01,25.3,21.5,27.7,140.6,1008.1,Ichalkaranji,2021,9
2021-10-01,26.4,20.6,31.6,90.4,1010.2,Ichalkaranji,2021,10
2021-11-01,25.2,20.3,29.9,80.0,1011.1,Ichalkaranji,2021,11
2021-12-01,22.6,16.9,28.7,108.4,1014.5,Ichalkaranji,2021,12
2022-01-01,21.1,15.1,28.6,0.5,1013.6,Ichalkaranji,2022,1
2022-02-01,23.9,17.0,32.4,0.0,1011.9,Ichalkaranji,2022,2
2022-03-01,27.4,21.0,35.4,11.5,1010.3,Ichalkaranji,2022,3
2022-04-01,29.7,22.3,36.3,52.1,1009.4,Ichalkaranji,2022,4
2022-05-01,27.5,22.5,33.9,0.0,1007.2,Ichalkaranji,2022,5
2022-06-01,26.9,22.4,30.8,124.7,1007.1,Ichalkaranji,2022,6
2022-07-01,24.7,21.6,26.7,379.7,1007.1,Ichalkaranji,2022,7
2022-08-01,25.3,21.6,27.3,298.0,1007.1,Ichalkaranji,2022,8
2022-09-01,25.4,21.3,28.6,208.8,1009.2,Ichalkaranji,2022,9
2022-10-01,25.0,19.6,29.6,273.1,1011.8,Ichalkaranji,2022,10
2022-11-01,23.8,18.4,30.4,3.0,1013.3,Ichalkaranji,2022,11
2022-12-01,23.5,17.7,30.5,4.7,1013.0,Ichalkaranji,2022,12
2023-01-01,22.4,16.0,30.1,0.2,1014.3,Ichalkaranji,2023,1
2023-02-01,25.2,18.0,33.1,0.0,1013.8,Ichalkaranji,2023,2
2023-03-01,25.6,18.9,33.4,0.8,1012.6,Ichalkaranji,2023,3
2023-04-01,28.2,21.4,35.8,8.5,1010.6,Ichalkaranji,2023,4
2023-05-01,28.6,22.4,35.4,46.9,1010.4,Ichalkaranji,2023,5
2023-06-01,27.8,23.4,32.2,63.0,1008.6,Ichalkaranji,2023,6
2023-07-01,24.7,21.9,26.1,437.9,1008.3,Ichalkaranji,2023,7
2023-08-01,25.9,21.8,28.2,58.1,1010.6,Ichalkaranji,2023,8
2023-09-01,26.0,21.9,28.4,109.0,1009.2,Ichalkaranji,2023,9
2023-10-01,26.1,20.9,31.8,20.7,1012.8,Ichalkaranji,2023,10
2023-11-01,24.8,19.9,30.4,16.2,1013.7,Ichalkaranji,2023,11
2023-12-01,23.1,18.0,29.1,5.7,1014.3,Ichalkaranji,2023,12
2024-01-01,23.1,17.1,30.2,8.0,1014.5,Ichalkaranji,2024,1
2024-02-01,25.4,18.6,33.3,0.0,1014.5,Ichalkaranji,2024,2
2024-03-01,27.7,21.3,35.9,0.1,1012.5,Ichalkaranji,2024,3
2024-04-01,30.8,24.1,38.0,23.0,1009.7,Ichalkaranji,2024,4
2024-05-01,29.4,23.2,35.6,27.6,1007.9,Ichalkaranji,2024,5
2024-06-01,26.7,22.8,29.9,119.0,1007.3,Ichalkaranji,2024,6
2024-07-01,24.7,22.0,26.3,609.4,1005.9,Ichalkaranji,2024,7
2024-08-01,25.5,22.1,32.41121172919362,242.5,1008.9854796888507,Ichalkaranji,2024,8
2024-09-01,25.5,21.6,32.41121172919362,123.3,1008.9854796888507,Ichalkaranji,2024,9
2024-10-01,26.3,21.3,30.3,238.5,1011.2,Ichalkaranji,2024,10
2024-11-01,23.7,18.0,29.6,5.6,1013.5,Ichalkaranji,2024,11
2024-12-01,23.0,17.7,29.3,0.0,1013.1,Ichalkaranji,2024,12
2025-01-01,22.9,16.7,30.2,0.0,1013.6,Ichalkaranji,2025,1
2025-02-01,25.2,18.2,33.3,0.0,1013.8,Ichalkaranji,2025,2
2025-03-01,26.633689154568746,21.414444444444445,32.41121172919362,0.0,1008.9854796888507,Ichalkaranji,2025,3
2025-04-01,28.6,21.5,36.8,32.2,1009.7,Ichalkaranji,2025,4
2025-05-01,26.8,22.1,31.6,241.4,1007.4,Ichalkaranji,2025,5
2025-06-01,25.8,22.4,28.1,333.5,1007.3,Ichalkaranji,2025,6
2025-07-01,24.7,22.1,26.3,214.2,1007.2,Ichalkaranji,2025,7
2025-08-01,24.0,21.5,26.2,182.5,1008.9,Ichalkaranji,2025,8
2025-09-01,23.0,20.9,26.7,188.8,1010.2,Ichalkaranji,2025,9
2025-10-01,23.9,20.5,29.4,138.4,1011.3,Ichalkaranji,2025,10
2025-11-01,22.3,16.9,28.8,6.1,1015.1,Ichalkaranji,2025,11
2025-12-01,20.9,14.6,28.1,0.2,1015.3,Ichalkaranji,2025,12
2020-01-01,26.633689154568746,21.414444444444445,32.41121172919362,0.0,1008.9854796888507,Jalgaon,2020,1
2020-02-01,26.633689154568746,21.414444444444445,32.41121172919362,0.0,1008.9854796888507,Jalgaon,2020,2
2020-03-01,26.633689154568746,21.414444444444445,32.41121172919362,0.0,1008.9854796888507,Jalgaon,2020,3
2020-04-01,26.633689154568746,21.414444444444445,32.41121172919362,0.0,1008.9854796888507,Jalgaon,2020,4
2020-05-01,26.633689154568746,21.414444444444445,32.41121172919362,0.0,1008.9854796888507,Jalgaon,2020,5
2020-06-01,26.633689154568746,21.414444444444445,32.41121172919362,0.0,1008.9854796888507,Jalgaon,2020,6
2020-07-01,26.633689154568746,21.414444444444445,32.41121172919362,0.0,1008.9854796888507,Jalgaon,2020,7
2020-08-01,26.633689154568746,21.414444444444445,32.41121172919362,0.0,1008.9854796888507,Jalgaon,2020,8
2020-09-01,26.633689154568746,21.414444444444445,32.41121172919362,0.0,1008.9854796888507,Jalgaon,2020,9
2020-10-01,26.633689154568746,21.414444444444445,32.41121172919362,0.0,1008.9854796888507,Jalgaon,2020,10
2020-11-01,26.633689154568746,21.414444444444445,32.41121172919362,0.0,1008.9854796888507,Jalgaon,2020,11
2020-12-01,26.633689154568746,21.414444444444445,32.41121172919362,0.0,1008.9854796888507,Jalgaon,2020,12
2021-01-01,24.2,17.2,31.2,0.0,1012.5,Jalgaon,2021,1
2021-02-01,25.0,15.9,33.1,0.3,1013.4,Jalgaon,2021,2
2021-03-01,29.7,20.0,38.1,0.0,1010.3,Jalgaon,2021,3
2021-04-01,33.0,25.3,40.6,0.0,1007.9,Jalgaon,2021,4
2021-05-01,33.4,27.5,40.0,2.0,1004.7,Jalgaon,2021,5
2021-06-01,30.8,26.7,36.4,43.3,1003.9,Jalgaon,2021,6
2021-07-01,28.8,25.5,33.3,168.1,1002.3,Jalgaon,2021,7
2021-08-01,27.5,24.4,31.4,156.5,1005.0,Jalgaon,2021,8
2021-09-01,26.6,24.0,30.8,370.8,1004.3,Jalgaon,2021,9
2021-10-01,25.6,21.1,32.0,69.5,1009.4,Jalgaon,2021,10
2021-11-01,25.0,19.3,31.6,11.9,1011.3,Jalgaon,2021,11
2021-12-01,21.6,15.8,28.2,31.2,1015.1,Jalgaon,2021,12
2022-01-01,20.6,14.3,27.6,2.3,1014.2,Jalgaon,2022,1
2022-02-01,23.9,14.8,32.4,0.0,1011.7,Jalgaon,2022,2
2022-03-01,30.1,21.2,38.4,2.0,1009.1,Jalgaon,2022,3
2022-04-01,34.6,26.4,42.9,0.0,1006.2,Jalgaon,2022,4
2022-05-01,35.0,27.8,42.2,0.0,1002.7,Jalgaon,2022,5
2022-06-01,31.5,26.4,38.0,118.5,1002.9,Jalgaon,2022,6
2022-07-01,26.5,24.2,30.2,545.1,1002.7,Jalgaon,2022,7
2022-08-01,26.7,24.0,31.0,229.7,1003.3,Jalgaon,2022,8
2022-09-01,26.5,23.7,31.4,240.4,1006.1,Jalgaon,2022,9
2022-10-01,25.5,20.8,32.3,92.4,1010.5,Jalgaon,2022,10
2022-11-01,23.5,16.5,31.5,0.0,1013.5,Jalgaon,2022,11
2022-12-01,23.4,17.6,30.7,17.1,1012.9,Jalgaon,2022,12
2023-01-01,21.2,14.3,28.9,3.0,1014.7,Jalgaon,2023,1
2023-02-01,23.5,14.0,34.1,0.0,1013.9,Jalgaon,2023,2
2023-03-01,26.9,19.9,34.8,20.1,1011.7,Jalgaon,2023,3
2023-04-01,30.9,24.1,38.7,18.3,1008.8,Jalgaon,2023,4
2023-05-01,33.6,26.7,40.8,2.0,1006.9,Jalgaon,2023,5
2023-06-01,32.3,27.5,38.4,104.6,1003.9,Jalgaon,2023,6
2023-07-01,27.2,24.8,31.1,412.6,1003.2,Jalgaon,2023,7
2023-08-01,27.0,23.8,31.1,81.5,1006.3,Jalgaon,2023,8
2023-09-01,27.1,24.1,31.5,232.7,1005.5,Jalgaon,2023,9
2023-10-01,26.8,20.9,34.1,0.0,1011.6,Jalgaon,2023,10
2023-11-01,25.1,19.5,31.9,57.7,1013.5,Jalgaon,2023,11
2023-12-01,22.2,17.3,29.0,0.5,1014.7,Jalgaon,2023,12
2024-01-01,22.4,16.3,29.7,0.5,1014.5,Jalgaon,2024,1
2024-02-01,25.4,18.3,33.1,0.0,1014.1,Jalgaon,2024,2
2024-03-01,28.8,21.2,37.0,0.1,1011.2,Jalgaon,2024,3
2024-04-01,33.5,26.3,41.1,8.1,1007.5,Jalgaon,2024,4
2024-05-01,35.4,28.8,42.6,0.6,1003.7,Jalgaon,2024,5
2024-06-01,31.1,26.9,37.2,192.6,1002.8,Jalgaon,2024,6
2024-07-01,27.2,25.0,30.8,572.2,1000.7,Jalgaon,2024,7
2024-08-01,25.6,22.6,28.4,0.0,1008.9854796888507,Jalgaon,2024,8
2024-09-01,25.3,22.0,28.9,200.3,1008.9854796888507,Jalgaon,2024,9
2024-10-01,26.9,22.7,32.9,91.3,1009.6,Jalgaon,2024,10
2024-11-01,23.3,17.4,30.8,0.0,1013.3,Jalgaon,2024,11
2024-12-01,21.6,16.5,28.7,0.0,1013.5,Jalgaon,2024,12
2025-01-01,21.0,15.3,29.0,0.2,1013.8,Jalgaon,2025,1
2025-02-01,23.9,17.2,32.3,0.0,1013.4,Jalgaon,2025,2
2025-03-01,26.633689154568746,21.414444444444445,32.41121172919362,0.0,1008.9854796888507,Jalgaon,2025,3
2025-04-01,33.3,25.6,41.3,0.2,1006.6,Jalgaon,2025,4
2025-05-01,30.9,26.3,36.9,33.9,1004.1,Jalgaon,2025,5
2025-06-01,29.6,25.9,34.7,224.2,1002.2,Jalgaon,2025,6
2025-07-01,27.1,24.6,31.0,165.0,1002.3,Jalgaon,2025,7
2025-08-01,26.8,24.2,30.7,215.1,1004.6,Jalgaon,2025,8
2025-09-01,26.2,23.7,30.1,318.3,1006.1,Jalgaon,2025,9
2025-10-01,26.0,21.9,31.2,86.5,1009.6,Jalgaon,2025,10
2025-11-01,22.7,17.0,29.5,12.4,1014.4,Jalgaon,2025,11
2025-12-01,20.3,13.8,28.7,0.0,1015.5,Jalgaon,2025,12
2020-01-01,26.633689154568746,21.414444444444445,32.41121172919362,0.0,1008.9854796888507,Kolhapur,2020,1
2020-02-01,26.633689154568746,21.414444444444445,32.41121172919362,0.0,1008.9854796888507,Kolhapur,2020,2
2020-03-01,26.633689154568746,21.414444444444445,32.41121172919362,0.0,1008.9854796888507,Kolhapur,2020,3
2020-04-01,26.633689154568746,21.414444444444445,32.41121172919362,0.0,1008.9854796888507,Kolhapur,2020,4
2020-05-01,26.633689154568746,21.414444444444445,32.41121172919362,0.0,1008.9854796888507,Kolhapur,2020,5
2020-06-01,27.1,22.8,32.41121172919362,0.0,1008.9854796888507,Kolhapur,2020,6
2020-07-01,26.1,22.5,32.41121172919362,0.0,1008.9854796888507,Kolhapur,2020,7
2020-08-01,25.5,21.8,32.41121172919362,438.0,1008.9854796888507,Kolhapur,2020,8
2020-09-01,26.633689154568746,21.414444444444445,32.41121172919362,0.0,1008.9854796888507,Kolhapur,2020,9
2020-10-01,26.633689154568746,21.414444444444445,32.41121172919362,0.0,1008.9854796888507,Kolhapur,2020,10
2020-11-01,26.633689154568746,21.414444444444445,32.41121172919362,0.0,1008.9854796888507,Kolhapur,2020,11
2020-12-01,26.633689154568746,21.414444444444445,32.41121172919362,0.0,1008.9854796888507,Kolhapur,2020,12
2021-01-01,24.2,18.6,30.0,0.0,1012.4,Kolhapur,2021,1
2021-02-01,24.1,17.7,31.3,5.0,1013.4,Kolhapur,2021,2
2021-03-01,27.7,21.1,35.8,0.0,1011.2,Kolhapur,2021,3
2021-04-01,29.1,21.5,36.1,57.9,1010.4,Kolhapur,2021,4
2021-05-01,28.7,23.1,33.3,154.3,1007.8,Kolhapur,2021,5
2021-06-01,26.3,22.0,28.8,296.4,1008.4,Kolhapur,2021,6
2021-07-01,25.4,21.8,27.4,648.8,1007.1,Kolhapur,2021,7
2021-08-01,25.6,21.6,27.8,81.5,1008.8,Kolhapur,2021,8
2021-09-01,25.3,21.5,27.7,140.6,1008.1,Kolhapur,2021,9
2021-10-01,26.4,20.6,31.6,90.4,1010.2,Kolhapur,2021,10
2021-11-01,25.2,20.3,29.9,80.0,1011.1,Kolhapur,2021,11
2021-12-01,22.6,16.9,28.7,108.4,1014.5,Kolhapur,2021,12
2022-01-01,21.1,15.1,28.6,0.5,1013.6,Kolhapur,2022,1
2022-02-01,23.9,17.0,32.4,0.0,1011.9,Kolhapur,2022,2
2022-03-01,27.4,21.0,35.4,11.5,1010.3,Kolhapur,2022,3
2022-04-01,29.7,22.3,36.3,52.1,1009.4,Kolhapur,2022,4
2022-05-01,27.5,22.5,33.9,0.0,1007.2,Kolhapur,2022,5
2022-06-01,26.9,22.4,30.8,124.7,1007.1,Kolhapur,2022,6
2022-07-01,24.7,21.6,26.7,379.7,1007.1,Kolhapur,2022,7
2022-08-01,25.3,21.6,27.3,298.0,1007.1,Kolhapur,2022,8
2022-09-01,25.4,21.3,28.6,208.8,1009.2,Kolhapur,2022,9
2022-10-01,25.0,19.6,29.6,273.1,1011.8,Kolhapur,2022,10
2022-11-01,23.8,18.4,30.4,3.0,1013.3,Kolhapur,2022,11
2022-12-01,23.5,17.7,30.5,4.7,1013.0,Kolhapur,2022,12
2023-01-01,22.4,16.0,30.1,0.2,1014.3,Kolhapur,2023,1
2023-02-01,25.2,18.0,33.1,0.0,1013.8,Kolhapur,2023,2
2023-03-01,25.6,18.9,33.4,0.8,1012.6,Kolhapur,2023,3
2023-04-01,28.2,21.4,35.8,8.5,1010.6,Kolhapur,2023,4
2023-05-01,28.6,22.4,35.4,46.9,1010.4,Kolhapur,2023,5
2023-06-01,27.8,23.4,32.2,63.0,1008.6,Kolhapur,2023,6
2023-07-01,24.7,21.9,26.1,437.9,1008.3,Kolhapur,2023,7
2023-08-01,25.9,21.8,28.2,58.1,1010.6,Kolhapur,2023,8
2023-09-01,26.0,21.9,28.4,109.0,1009.2,Kolhapur,2023,9
2023-10-01,26.1,20.9,31.8,20.7,1012.8,Kolhapur,2023,10
2023-11-01,24.8,19.9,30.4,16.2,1013.7,Kolhapur,2023,11
2023-12-01,23.1,18.0,29.1,5.7,1014.3,Kolhapur,2023,12
2024-01-01,23.1,17.1,30.2,8.0,1014.5,Kolhapur,2024,1
2024-02-01,25.4,18.6,33.3,0.0,1014.5,Kolhapur,2024,2
2024-03-01,27.7,21.3,35.9,0.1,1012.5,Kolhapur,2024,3
2024-04-01,30.8,24.1,38.0,23.0,1009.7,Kolhapur,2024,4
2024-05-01,29.4,23.2,35.6,27.6,1007.9,Kolhapur,2024,5
2024-06-01,26.7,22.8,29.9,119.0,1007.3,Kolhapur,2024,6
2024-07-01,24.7,22.0,26.3,609.4,1005.9,Kolhapur,2024,7
2024-08-01,25.5,22.1,32.41121172919362,242.5,1008.9854796888507,Kolhapur,2024,8
2024-09-01,25.5,21.6,32.41121172919362,123.3,1008.9854796888507,Kolhapur,2024,9
2024-10-01,26.3,21.3,30.3,238.5,1011.2,Kolhapur,2024,10
2024-11-01,23.7,18.0,29.6,5.6,1013.5,Kolhapur,2024,11
2024-12-01,23.0,17.7,29.3,0.0,1013.1,Kolhapur,2024,12
2025-01-01,22.9,16.7,30.2,0.0,1013.6,Kolhapur,2025,1
2025-02-01,25.2,18.2,33.3,0.0,1013.8,Kolhapur,2025,2
2025-03-01,26.633689154568746,21.414444444444445,32.41121172919362,0.0,1008.9854796888507,Kolhapur,2025,3
2025-04-01,28.6,21.5,36.8,32.2,1009.7,Kolhapur,2025,4
2025-05-01,26.8,22.1,31.6,241.4,1007.4,Kolhapur,2025,5
2025-06-01,25.8,22.4,28.1,333.5,1007.3,Kolhapur,2025,6
2025-07-01,24.7,22.1,26.3,214.2,1007.2,Kolhapur,2025,7
2025-08-01,24.0,21.5,26.2,182.5,1008.9,Kolhapur,2025,8
2025-09-01,23.0,20.9,26.7,188.8,1010.2,Kolhapur,2025,9
2025-10-01,23.9,20.5,29.4,138.4,1011.3,Kolhapur,2025,10
2025-11-01,22.3,16.9,28.8,6.1,1015.1,Kolhapur,2025,11
2025-12-01,20.9,14.6,28.1,0.2,1015.3,Kolhapur,2025,12
2020-01-01,26.633689154568746,21.414444444444445,32.41121172919362,0.0,1008.9854796888507,Latur,2020,1
2020-02-01,26.633689154568746,21.414444444444445,32.41121172919362,0.0,1008.9854796888507,Latur,2020,2
2020-03-01,26.633689154568746,21.414444444444445,32.41121172919362,0.0,1008.9854796888507,Latur,2020,3
2020-04-01,26.633689154568746,21.414444444444445,32.41121172919362,0.0,1008.9854796888507,Latur,2020,4
2020-05-01,26.633689154568746,21.414444444444445,32.41121172919362,0.0,1008.9854796888507,Latur,2020,5
2020-06-01,26.633689154568746,21.414444444444445,32.41121172919362,0.0,1008.9854796888507,Latur,2020,6
2020-07-01,26.633689154568746,21.414444444444445,32.41121172919362,0.0,1008.9854796888507,Latur,2020,7
2020-08-01,26.633689154568746,21.414444444444445,32.41121172919362,0.0,1008.9854796888507,Latur,2020,8
2020-09-01,26.633689154568746,21.414444444444445,32.41121172919362,0.0,1008.9854796888507,Latur,2020,9
2020-10-01,26.633689154568746,21.414444444444445,32.41121172919362,0.0,1008.9854796888507,Latur,2020,10
2020-11-01,26.633689154568746,21.414444444444445,32.41121172919362,0.0,1008.9854796888507,Latur,2020,11
2020-12-01,26.633689154568746,21.414444444444445,32.41121172919362,0.0,1008.9854796888507,Latur,2020,12
2021-01-01,23.5,17.8,29.7,0.0,1012.8,Latur,2021,1
2021-02-01,23.5,16.7,30.8,2.3,1013.7,Latur,2021,2
2021-03-01,28.5,21.4,35.6,0.0,1011.1,Latur,2021,3
2021-04-01,30.5,24.1,37.2,4.5,1009.2,Latur,2021,4
2021-05-01,30.4,25.4,36.3,26.1,1006.4,Latur,2021,5
2021-06-01,26.8,23.2,31.7,81.8,1006.4,Latur,2021,6
2021-07-01,25.5,22.8,29.4,322.0,1004.9,Latur,2021,7
2021-08-01,25.3,22.3,28.9,161.6,1006.8,Latur,2021,8
2021-09-01,24.3,21.7,27.9,295.6,1006.5,Latur,2021,9
2021-10-01,24.1,19.7,29.3,96.8,1010.1,Latur,2021,10
2021-11-01,23.8,19.3,29.5,40.9,1011.6,Latur,2021,11
2021-12-01,22.5,16.6,28.7,1.2,1015.0,Latur,2021,12
2022-01-01,20.9,15.2,27.7,7.6,1014.0,Latur,2022,1
2022-02-01,24.5,17.6,31.5,0.0,1011.9,Latur,2022,2
2022-03-01,28.9,21.6,36.0,0.3,1009.7,Latur,2022,3
2022-04-01,32.2,25.7,39.1,1.2,1007.8,Latur,2022,4
2022-05-01,32.2,26.4,38.7,0.0,1003.7,Latur,2022,5
2022-06-01,28.1,24.2,34.1,119.5,1004.5,Latur,2022,6
2022-07-01,24.2,22.1,27.9,345.0,1004.5,Latur,2022,7
2022-08-01,24.8,21.9,29.1,169.5,1004.9,Latur,2022,8
2022-09-01,24.4,21.4,28.7,210.1,1007.1,Latur,2022,9
2022-10-01,23.1,19.2,28.1,95.2,1010.8,Latur,2022,10
2022-11-01,22.2,16.0,28.7,0.0,1013.0,Latur,2022,11
2022-12-01,22.6,16.9,29.2,16.0,1012.8,Latur,2022,12
2023-01-01,22.4,15.9,29.7,0.0,1014.0,Latur,2023,1
2023-02-01,24.6,16.7,32.7,0.0,1013.3,Latur,2023,2
2023-03-01,26.4,19.6,33.7,9.3,1011.5,Latur,2023,3
2023-04-01,28.5,21.9,35.5,47.8,1009.4,Latur,2023,4
2023-05-01,29.8,24.1,36.6,19.4,1007.8,Latur,2023,5
2023-06-01,30.3,25.4,36.0,34.0,1005.1,Latur,2023,6
2023-07-01,25.3,22.7,29.3,336.7,1005.1,Latur,2023,7
2023-08-01,25.7,22.1,30.1,28.1,1007.6,Latur,2023,8
2023-09-01,25.2,22.2,29.6,156.3,1006.6,Latur,2023,9
2023-10-01,25.2,19.6,31.3,12.9,1011.9,Latur,2023,10
2023-11-01,24.5,19.3,30.4,40.4,1013.4,Latur,2023,11
2023-12-01,21.5,16.0,27.9,0.1,1014.3,Latur,2023,12
2024-01-01,23.4,17.4,30.0,0.0,1014.0,Latur,2024,1
2024-02-01,26.3,19.6,33.4,0.0,1013.7,Latur,2024,2
2024-03-01,29.7,23.0,36.7,0.0,1011.2,Latur,2024,3
2024-04-01,31.7,25.4,38.6,6.6,1008.2,Latur,2024,4
2024-05-01,31.7,25.7,39.0,45.0,1005.0,Latur,2024,5
2024-06-01,26.8,23.6,32.0,242.7,1004.9,Latur,2024,6
2024-07-01,24.8,22.8,28.4,368.5,1003.2,Latur,2024,7
2024-08-01,26.633689154568746,21.414444444444445,32.41121172919362,0.0,1008.9854796888507,Latur,2024,8
2024-09-01,26.633689154568746,21.414444444444445,32.41121172919362,0.0,1008.9854796888507,Latur,2024,9
2024-10-01,24.8,20.7,30.0,104.3,1010.2,Latur,2024,10
2024-11-01,22.5,16.9,28.4,2.3,1013.1,Latur,2024,11
2024-12-01,22.2,17.0,28.3,0.0,1012.9,Latur,2024,12
2025-01-01,22.6,16.2,29.8,0.0,1013.4,Latur,2025,1
2025-02-01,26.4,19.5,33.6,0.0,1012.9,Latur,2025,2
2025-03-01,26.633689154568746,21.414444444444445,32.41121172919362,0.0,1008.9854796888507,Latur,2025,3
2025-04-01,31.6,25.2,39.0,5.5,1007.6,Latur,2025,4
2025-05-01,29.3,24.5,35.6,227.0,1004.8,Latur,2025,5
2025-06-01,27.5,23.4,32.7,123.3,1004.2,Latur,2025,6
2025-07-01,25.6,22.9,29.7,206.3,1004.1,Latur,2025,7
2025-08-01,24.7,22.0,28.6,311.5,1006.2,Latur,2025,8
2025-09-01,24.3,21.5,28.3,320.1,1007.5,Latur,2025,9
2025-10-01,24.5,20.5,29.4,103.1,1010.4,Latur,2025,10
2025-11-01,21.8,15.9,28.2,11.6,1014.6,Latur,2025,11
2025-12-01,19.8,13.1,27.5,0.0,1015.4,Latur,2025,12
2020-01-01,26.633689154568746,21.414444444444445,32.41121172919362,0.0,1008.9854796888507,Malegaon,2020,1
2020-02-01,26.633689154568746,21.414444444444445,32.41121172919362,0.0,1008.9854796888507,Malegaon,2020,2
2020-03-01,26.633689154568746,21.414444444444445,32.41121172919362,0.0,1008.9854796888507,Malegaon,2020,3
2020-04-01,26.633689154568746,21.414444444444445,32.41121172919362,0.0,1008.9854796888507,Malegaon,2020,4
2020-05-01,26.633689154568746,21.414444444444445,32.41121172919362,0.0,1008.9854796888507,Malegaon,2020,5
2020-06-01,26.633689154568746,21.414444444444445,32.41121172919362,0.0,1008.9854796888507,Malegaon,2020,6
2020-07-01,26.633689154568746,21.414444444444445,32.41121172919362,0.0,1008.9854796888507,Malegaon,2020,7
2020-08-01,26.633689154568746,21.414444444444445,32.41121172919362,0.0,1008.9854796888507,Malegaon,2020,8
2020-09-01,26.633689154568746,21.414444444444445,32.41121172919362,0.0,1008.9854796888507,Malegaon,2020,9
2020-10-01,26.633689154568746,21.414444444444445,32.41121172919362,0.0,1008.9854796888507,Malegaon,2020,10
2020-11-01,26.633689154568746,21.414444444444445,32.41121172919362,0.0,1008.9854796888507,Malegaon,2020,11
2020-12-01,26.633689154568746,21.414444444444445,32.41121172919362,0.0,1008.9854796888507,Malegaon,2020,12
2021-01-01,22.4,16.8,29.4,0.0,1012.9,Malegaon,2021,1
2021-02-01,23.4,16.4,30.8,1.3,1014.0,Malegaon,2021,2
2021-03-01,28.3,20.9,35.9,0.4,1011.1,Malegaon,2021,3
2021-04-01,31.4,24.2,38.5,0.0,1009.0,Malegaon,2021,4
2021-05-01,30.7,24.9,37.5,14.2,1005.9,Malegaon,2021,5
2021-06-01,28.1,24.4,33.7,70.5,1005.3,Malegaon,2021,6
2021-07-01,26.9,23.9,31.8,220.0,1003.7,Malegaon,2021,7
2021-08-01,25.8,22.7,30.1,150.5,1006.0,Malegaon,2021,8
2021-09-01,25.2,22.6,29.2,316.8,1005.2,Malegaon,2021,9
2021-10-01,24.5,19.8,29.9,76.6,1009.8,Malegaon,2021,10
2021-11-01,24.2,18.4,30.4,19.2,1011.3,Malegaon,2021,11
2021-12-01,20.4,15.3,26.4,70.2,1014.8,Malegaon,2021,12
2022-01-01,19.3,13.2,26.4,3.0,1014.0,Malegaon,2022,1
2022-02-01,23.0,15.0,31.2,0.0,1011.7,Malegaon,2022,2
2022-03-01,29.1,20.5,36.7,0.7,1009.8,Malegaon,2022,3
2022-04-01,33.1,25.2,40.8,0.0,1007.6,Malegaon,2022,4
2022-05-01,32.3,25.4,40.4,0.0,1004.5,Malegaon,2022,5
2022-06-01,28.8,24.3,35.3,146.1,1004.4,Malegaon,2022,6
2022-07-01,25.4,23.2,28.9,432.0,1003.9,Malegaon,2022,7
2022-08-01,25.5,22.8,29.5,116.3,1004.3,Malegaon,2022,8
2022-09-01,24.9,22.1,29.3,247.0,1007.2,Malegaon,2022,9
2022-10-01,24.1,19.7,29.5,75.5,1011.4,Malegaon,2022,10
2022-11-01,23.0,16.8,29.7,0.0,1013.9,Malegaon,2022,11
2022-12-01,22.4,16.7,29.3,27.3,1013.5,Malegaon,2022,12
2023-01-01,20.5,14.1,28.1,1.1,1015.0,Malegaon,2023,1
2023-02-01,23.4,15.8,31.9,0.0,1014.2,Malegaon,2023,2
2023-03-01,25.6,18.7,33.1,7.6,1012.3,Malegaon,2023,3
2023-04-01,29.4,22.6,36.8,21.5,1009.6,Malegaon,2023,4
2023-05-01,31.4,24.6,38.7,0.5,1008.3,Malegaon,2023,5
2023-06-01,29.8,24.9,36.2,75.5,1005.4,Malegaon,2023,6
2023-07-01,26.0,23.9,29.9,236.1,1004.5,Malegaon,2023,7
2023-08-01,26.0,22.9,30.3,20.5,1007.5,Malegaon,2023,8
2023-09-01,25.9,22.8,30.4,193.0,1006.8,Malegaon,2023,9
2023-10-01,27.0,20.9,33.2,0.6,1012.5,Malegaon,2023,10
2023-11-01,25.0,19.6,31.3,50.6,1014.0,Malegaon,2023,11
2023-12-01,21.9,16.4,28.5,3.1,1015.0,Malegaon,2023,12
2024-01-01,21.5,15.2,28.8,6.4,1015.0,Malegaon,2024,1
2024-02-01,24.1,17.0,31.8,0.0,1014.8,Malegaon,2024,2
2024-03-01,27.9,20.3,36.1,0.0,1012.2,Malegaon,2024,3
2024-04-01,32.4,25.2,39.6,0.0,1008.5,Malegaon,2024,4
2024-05-01,33.1,26.3,40.6,11.1,1005.4,Malegaon,2024,5
2024-06-01,28.7,25.0,34.7,193.2,1004.3,Malegaon,2024,6
2024-07-01,26.3,24.2,29.9,396.4,1002.0,Malegaon,2024,7
2024-08-01,26.633689154568746,21.414444444444445,32.41121172919362,0.0,1008.9854796888507,Malegaon,2024,8
2024-09-01,23.9,21.414444444444445,32.41121172919362,0.0,1007.6,Malegaon,2024,9
2024-10-01,25.3,21.3,30.5,123.0,1010.5,Malegaon,2024,10
2024-11-01,23.1,17.4,29.8,0.0,1013.7,Malegaon,2024,11
2024-12-01,21.2,15.7,28.0,0.0,1013.8,Malegaon,2024,12
2025-01-01,21.1,15.1,28.4,0.1,1014.2,Malegaon,2025,1
2025-02-01,24.0,17.2,32.0,0.0,1013.9,Malegaon,2025,2
2025-03-01,26.633689154568746,21.414444444444445,32.41121172919362,0.0,1008.9854796888507,Malegaon,2025,3
2025-04-01,32.2,24.9,39.8,0.1,1007.7,Malegaon,2025,4
2025-05-01,29.2,24.6,35.8,82.8,1005.3,Malegaon,2025,5
2025-06-01,27.7,24.2,32.9,207.4,1003.6,Malegaon,2025,6
2025-07-01,26.0,23.5,29.8,129.9,1003.7,Malegaon,2025,7
2025-08-01,25.5,22.8,29.7,236.8,1005.9,Malegaon,2025,8
2025-09-01,24.8,22.0,29.0,349.9,1007.3,Malegaon,2025,9
2025-10-01,24.5,20.5,29.6,116.8,1010.4,Malegaon,2025,10
2025-11-01,21.4,15.8,28.0,7.5,1014.8,Malegaon,2025,11
2025-12-01,19.1,12.7,26.9,0.0,1015.8,Malegaon,2025,12
2020-01-01,24.9,19.2,29.9,0.0,1013.4,Mumbai,2020,1
2020-02-01,27.3,21.0,32.6,0.0,1012.7,Mumbai,2020,2
2020-03-01,27.7,22.6,31.9,0.0,1011.2,Mumbai,2020,3
2020-04-01,30.2,26.4,33.9,0.0,1009.6,Mumbai,2020,4
2020-05-01,31.1,28.6,34.0,0.0,1007.3,Mumbai,2020,5
2020-06-01,29.2,26.0,32.3,525.0,1003.7,Mumbai,2020,6
2020-07-01,28.1,25.4,30.5,1501.9,1003.2,Mumbai,2020,7
2020-08-01,27.6,25.0,29.6,826.5,1003.3,Mumbai,2020,8
2020-09-01,28.4,25.3,31.4,320.0,1005.6,Mumbai,2020,9
2020-10-01,29.2,25.6,32.7,224.0,1007.3,Mumbai,2020,10
2020-11-01,28.7,23.1,33.9,0.0,1011.8,Mumbai,2020,11
2020-12-01,26.6,20.8,32.3,25.0,1012.0,Mumbai,2020,12
2021-01-01,25.9,20.5,30.9,1.0,1011.1,Mumbai,2021,1
2021-02-01,27.3,21.4,32.9,0.0,1012.1,Mumbai,2021,2
2021-03-01,29.7,23.9,35.0,0.0,1010.0,Mumbai,2021,3
2021-04-01,30.0,26.2,33.6,0.0,1009.1,Mumbai,2021,4
2021-05-01,30.7,27.8,33.8,154.4,1005.5,Mumbai,2021,5
2021-06-01,28.6,25.5,31.5,317.0,1005.3,Mumbai,2021,6
2021-07-01,28.6,25.7,30.8,773.9,1003.8,Mumbai,2021,7
2021-08-01,27.8,25.1,30.0,295.1,1006.3,Mumbai,2021,8
2021-09-01,27.7,24.8,30.1,436.9,1005.1,Mumbai,2021,9
2021-10-01,29.4,25.2,33.5,31.8,1008.6,Mumbai,2021,10
2021-11-01,29.5,25.0,34.1,50.1,1009.2,Mumbai,2021,11
2021-12-01,25.8,21.0,30.6,103.3,1013.3,Mumbai,2021,12
2022-01-01,24.5,19.3,29.3,9.6,1012.9,Mumbai,2022,1
2022-02-01,25.3,19.3,30.5,0.0,1011.3,Mumbai,2022,2
2022-03-01,30.0,24.7,34.9,0.1,1008.9,Mumbai,2022,3
2022-04-01,30.6,26.8,34.5,0.0,1008.0,Mumbai,2022,4
2022-05-01,30.9,28.8,34.0,7.0,1005.7,Mumbai,2022,5
2022-06-01,29.3,26.6,32.9,298.3,1004.4,Mumbai,2022,6
2022-07-01,27.8,25.3,29.8,1185.2,1004.0,Mumbai,2022,7
2022-08-01,27.7,25.1,30.3,550.9,1004.2,Mumbai,2022,8
2022-09-01,27.5,24.7,30.2,528.4,1006.6,Mumbai,2022,9
2022-10-01,28.4,24.5,32.4,165.5,1009.8,Mumbai,2022,10
2022-11-01,27.9,21.9,33.6,0.0,1011.7,Mumbai,2022,11
2022-12-01,27.3,21.8,32.5,6.2,1011.4,Mumbai,2022,12
2023-01-01,24.4,18.7,29.5,0.0,1013.4,Mumbai,2023,1
2023-02-01,28.1,20.6,34.2,0.0,1012.4,Mumbai,2023,2
2023-03-01,28.9,23.6,33.5,21.0,1011.2,Mumbai,2023,3
2023-04-01,30.0,25.8,33.8,15.3,1009.0,Mumbai,2023,4
2023-05-01,30.8,28.3,33.6,0.6,1008.8,Mumbai,2023,5
2023-06-01,30.4,27.8,33.7,561.1,1005.7,Mumbai,2023,6
2023-07-01,27.8,25.3,29.4,1768.9,1004.7,Mumbai,2023,7
2023-08-01,28.6,26.3,30.8,187.3,1007.9,Mumbai,2023,8
2023-09-01,28.2,25.2,31.0,483.8,1006.6,Mumbai,2023,9
2023-10-01,30.2,25.8,34.5,13.0,1011.0,Mumbai,2023,10
2023-11-01,29.4,24.3,34.4,7.1,1011.7,Mumbai,2023,11
2023-12-01,27.9,22.8,32.9,0.0,1012.3,Mumbai,2023,12
2024-01-01,26.3,19.9,31.3,1.1,1013.2,Mumbai,2024,1
2024-02-01,27.1,20.6,32.6,0.0,1013.5,Mumbai,2024,2
2024-03-01,28.3,23.2,32.8,0.1,1011.9,Mumbai,2024,3
2024-04-01,30.7,26.6,34.7,0.0,1008.2,Mumbai,2024,4
2024-05-01,31.1,28.6,34.2,1.4,1005.9,Mumbai,2024,5
2024-06-01,29.7,27.2,33.2,351.3,1004.0,Mumbai,2024,6
2024-07-01,27.5,25.3,29.8,1663.8,1002.1,Mumbai,2024,7
2024-08-01,28.2,26.3,30.9,390.5,1005.7,Mumbai,2024,8
2024-09-01,27.7,25.2,30.6,659.3,1006.5,Mumbai,2024,9
2024-10-01,29.3,25.6,33.3,112.0,1008.8,Mumbai,2024,10
2024-11-01,28.4,22.6,34.1,0.5,1011.2,Mumbai,2024,11
2024-12-01,26.2,20.6,32.0,0.0,1011.7,Mumbai,2024,12
2025-01-01,26.2,20.0,32.2,0.0,1011.9,Mumbai,2025,1
2025-02-01,28.0,21.2,34.0,0.0,1012.2,Mumbai,2025,2
2025-03-01,29.3,24.2,34.4,0.0,1010.0,Mumbai,2025,3
2025-04-01,30.2,26.7,34.1,0.0,1008.2,Mumbai,2025,4
2025-05-01,29.5,25.8,32.9,237.0,1005.0,Mumbai,2025,5
2025-06-01,28.6,26.2,31.4,510.9,1003.6,Mumbai,2025,6
2025-07-01,28.1,26.0,30.0,801.7,1003.5,Mumbai,2025,7
2025-08-01,27.4,25.5,29.5,1098.0,1005.7,Mumbai,2025,8
2025-09-01,27.0,25.4,29.0,480.7,1007.2,Mumbai,2025,9
2025-10-01,29.1,26.3,32.8,170.2,1008.0,Mumbai,2025,10
2025-11-01,27.8,24.3,32.0,9.2,1012.5,Mumbai,2025,11
2025-12-01,27.0,22.8,32.1,0.0,1012.9,Mumbai,2025,12
2020-01-01,19.9,12.7,27.0,66.0,1016.0,Nagpur,2020,1
2020-02-01,22.0,14.0,30.0,12.0,1015.7,Nagpur,2020,2
2020-03-01,26.7,18.7,34.8,29.0,1011.1,Nagpur,2020,3
2020-04-01,31.1,22.1,40.2,12.0,1007.9,Nagpur,2020,4
2020-05-01,34.3,25.3,43.3,23.0,1003.3,Nagpur,2020,5
2020-06-01,29.3,24.1,34.6,279.0,1001.9,Nagpur,2020,6
2020-07-01,28.7,24.1,33.2,376.0,1002.1,Nagpur,2020,7
2020-08-01,26.9,23.6,30.1,440.0,1001.3,Nagpur,2020,8
2020-09-01,28.9,24.1,33.7,214.0,1004.3,Nagpur,2020,9
2020-10-01,28.0,22.3,33.7,93.0,1007.5,Nagpur,2020,10
2020-11-01,23.9,16.1,31.6,11.0,1014.9,Nagpur,2020,11
2020-12-01,21.8,13.7,29.9,1.0,1015.3,Nagpur,2020,12
2021-01-01,22.7,15.3,30.2,3.0,1013.6,Nagpur,2021,1
2021-02-01,23.3,14.4,32.2,3.0,1013.9,Nagpur,2021,2
2021-03-01,27.9,19.2,36.7,33.0,1010.3,Nagpur,2021,3
2021-04-01,31.3,22.4,40.2,2.0,1007.2,Nagpur,2021,4
2021-05-01,32.9,25.8,40.0,48.0,1003.5,Nagpur,2021,5
2021-06-01,29.8,24.5,35.1,198.0,1002.3,Nagpur,2021,6
2021-07-01,28.4,24.6,32.2,420.0,1001.1,Nagpur,2021,7
2021-08-01,28.1,24.1,32.0,191.0,1003.5,Nagpur,2021,8
2021-09-01,27.6,23.9,31.3,356.0,1003.7,Nagpur,2021,9
2021-10-01,27.0,20.9,33.1,6.0,1009.2,Nagpur,2021,10
2021-11-01,24.6,17.9,31.3,4.0,1012.3,Nagpur,2021,11
2021-12-01,21.1,14.2,28.1,2.0,1016.1,Nagpur,2021,12
2022-01-01,19.9,13.1,26.8,33.0,1014.6,Nagpur,2022,1
2022-02-01,22.5,14.4,30.7,21.0,1012.4,Nagpur,2022,2
2022-03-01,28.9,20.1,37.8,1.0,1008.7,Nagpur,2022,3
2022-04-01,33.5,25.1,41.9,0.5,1005.8,Nagpur,2022,4
2022-05-01,35.1,27.8,42.4,6.0,1000.7,Nagpur,2022,5
2022-06-01,32.9,27.2,38.5,120.0,1000.9,Nagpur,2022,6
2022-07-01,27.1,24.1,30.1,631.0,1001.0,Nagpur,2022,7
2022-08-01,28.3,24.6,31.9,360.0,1001.9,Nagpur,2022,8
2022-09-01,27.7,23.6,31.9,358.0,1004.9,Nagpur,2022,9
2022-10-01,26.3,20.7,31.9,139.0,1010.5,Nagpur,2022,10
2022-11-01,22.5,14.2,30.8,0.0,1014.3,Nagpur,2022,11
2022-12-01,22.7,15.2,30.3,5.0,1014.1,Nagpur,2022,12
2023-01-01,21.5,13.9,29.1,0.0,1015.3,Nagpur,2023,1
2023-02-01,23.9,14.0,33.8,0.0,1013.7,Nagpur,2023,2
2023-03-01,26.9,19.2,34.6,0.0,1011.3,Nagpur,2023,3
2023-04-01,29.3,21.9,36.7,81.0,1008.4,Nagpur,2023,4
2023-05-01,31.9,24.0,39.9,48.0,1005.5,Nagpur,2023,5
2023-06-01,32.6,26.3,38.9,152.0,1001.5,Nagpur,2023,6
2023-07-01,28.3,24.3,32.2,516.0,1001.1,Nagpur,2023,7
2023-08-01,27.6,23.1,32.1,161.0,1004.7,Nagpur,2023,8
2023-09-01,27.5,23.3,31.6,403.0,1004.1,Nagpur,2023,9
2023-10-01,26.7,19.5,33.8,3.0,1011.7,Nagpur,2023,10
2023-11-01,23.9,16.8,30.9,47.0,1014.9,Nagpur,2023,11
2023-12-01,21.5,14.9,28.0,11.0,1016.1,Nagpur,2023,12
2024-01-01,22.0,15.4,28.6,1.0,1015.6,Nagpur,2024,1
2024-02-01,25.1,18.1,32.0,1.0,1014.4,Nagpur,2024,2
2024-03-01,28.5,20.4,36.6,20.0,1010.7,Nagpur,2024,3
2024-04-01,30.5,23.3,37.7,89.0,1007.5,Nagpur,2024,4
2024-05-01,32.8,25.4,40.2,55.0,1002.5,Nagpur,2024,5
2024-06-01,32.3,26.1,38.6,78.0,1000.9,Nagpur,2024,6
2024-07-01,28.1,24.9,31.2,579.0,999.3,Nagpur,2024,7
2024-08-01,27.9,24.3,31.5,213.0,1003.8,Nagpur,2024,8
2024-09-01,28.4,24.4,32.4,184.0,1003.7,Nagpur,2024,9
2024-10-01,28.5,23.0,34.0,23.0,1009.5,Nagpur,2024,10
2024-11-01,23.7,16.0,31.3,0.0,1013.7,Nagpur,2024,11
2024-12-01,22.4,15.0,29.8,3.0,1014.1,Nagpur,2024,12
2025-01-01,21.7,13.1,30.4,1.0,1014.3,Nagpur,2025,1
2025-02-01,25.7,16.7,34.6,1.0,1012.8,Nagpur,2025,2
2025-03-01,29.0,19.5,38.5,0.0,1009.5,Nagpur,2025,3
2025-04-01,32.3,23.7,41.0,14.0,1005.5,Nagpur,2025,4
2025-05-01,32.2,25.7,38.7,71.0,1002.5,Nagpur,2025,5
2025-06-01,31.5,26.3,36.8,78.0,1000.3,Nagpur,2025,6
2025-07-01,27.5,24.6,30.5,565.0,1000.3,Nagpur,2025,7
2025-08-01,26.7,24.1,30.6,223.0,1003.8,Nagpur,2025,8
2025-09-01,27.3,24.2,32.0,273.0,1005.1,Nagpur,2025,9
2025-10-01,26.6,22.9,31.0,111.4,1009.6,Nagpur,2025,10
2025-11-01,22.7,17.2,28.6,1.7,1014.5,Nagpur,2025,11
2025-12-01,20.4,13.9,27.6,0.0,1015.8,Nagpur,2025,12
2020-01-01,19.9,12.7,27.0,66.0,1016.0,Nanded,2020,1
2020-02-01,22.0,14.0,30.0,12.0,1015.7,Nanded,2020,2
2020-03-01,26.7,18.7,34.8,29.0,1011.1,Nanded,2020,3
2020-04-01,31.1,22.1,40.2,12.0,1007.9,Nanded,2020,4
2020-05-01,34.3,25.3,43.3,23.0,1003.3,Nanded,2020,5
2020-06-01,29.3,24.1,34.6,279.0,1001.9,Nanded,2020,6
2020-07-01,28.7,24.1,33.2,376.0,1002.1,Nanded,2020,7
2020-08-01,26.9,23.6,30.1,440.0,1001.3,Nanded,2020,8
2020-09-01,28.9,24.1,33.7,214.0,1004.3,Nanded,2020,9
2020-10-01,28.0,22.3,33.7,93.0,1007.5,Nanded,2020,10
2020-11-01,23.9,16.1,31.6,11.0,1014.9,Nanded,2020,11
2020-12-01,21.8,13.7,29.9,1.0,1015.3,Nanded,2020,12
2021-01-01,23.2,17.2,30.2,3.0,1012.9,Nanded,2021,1
2021-02-01,23.7,16.4,31.2,3.9,1013.6,Nanded,2021,2
2021-03-01,28.6,21.2,36.0,0.8,1010.5,Nanded,2021,3
2021-04-01,31.4,24.6,38.6,0.2,1007.8,Nanded,2021,4
2021-05-01,32.9,27.7,39.2,2.9,1004.3,Nanded,2021,5
2021-06-01,28.6,25.5,32.8,233.4,1003.2,Nanded,2021,6
2021-07-01,27.5,25.0,31.1,336.2,1001.9,Nanded,2021,7
2021-08-01,27.3,24.8,30.8,188.4,1004.1,Nanded,2021,8
2021-09-01,26.4,24.1,30.1,276.7,1004.3,Nanded,2021,9
2021-10-01,26.4,22.1,31.8,70.9,1008.8,Nanded,2021,10
2021-11-01,24.8,20.0,31.1,18.3,1011.6,Nanded,2021,11
2021-12-01,21.1,15.3,28.3,37.8,1015.4,Nanded,2021,12
2022-01-01,19.3,14.0,26.3,23.0,1014.4,Nanded,2022,1
2022-02-01,22.5,15.8,30.6,1.0,1012.1,Nanded,2022,2
2022-03-01,28.5,21.2,37.1,0.0,1008.8,Nanded,2022,3
2022-04-01,33.7,27.0,41.4,0.2,1005.9,Nanded,2022,4
2022-05-01,34.7,29.0,41.8,6.0,1001.5,Nanded,2022,5
2022-06-01,31.7,27.3,37.7,129.3,1001.8,Nanded,2022,6
2022-07-01,26.1,24.1,30.0,792.8,1001.6,Nanded,2022,7
2022-08-01,26.9,24.2,31.0,494.5,1002.4,Nanded,2022,8
2022-09-01,26.7,23.9,31.6,266.5,1005.3,Nanded,2022,9
2022-10-01,25.2,21.0,31.6,115.0,1010.3,Nanded,2022,10
2022-11-01,22.2,15.9,30.5,0.0,1013.5,Nanded,2022,11
2022-12-01,22.7,16.7,30.7,3.9,1013.4,Nanded,2022,12
2023-01-01,22.1,15.7,30.4,0.0,1014.7,Nanded,2023,1
2023-02-01,24.6,16.8,34.0,0.0,1013.5,Nanded,2023,2
2023-03-01,27.3,20.6,35.7,12.6,1011.4,Nanded,2023,3
2023-04-01,29.6,23.3,38.0,48.5,1008.9,Nanded,2023,4
2023-05-01,31.5,25.3,38.7,21.8,1006.2,Nanded,2023,5
2023-06-01,32.7,28.1,38.5,122.4,1002.2,Nanded,2023,6
2023-07-01,27.4,24.9,31.8,462.7,1002.0,Nanded,2023,7
2023-08-01,27.5,24.6,31.4,178.3,1004.9,Nanded,2023,8
2023-09-01,26.8,24.1,31.4,278.1,1004.4,Nanded,2023,9
2023-10-01,26.5,20.8,34.3,7.1,1011.1,Nanded,2023,10
2023-11-01,24.7,19.0,32.6,11.4,1013.8,Nanded,2023,11
2023-12-01,21.3,15.8,29.6,9.5,1015.0,Nanded,2023,12
2024-01-01,22.4,16.7,30.2,4.1,1014.7,Nanded,2024,1
2024-02-01,24.9,18.7,32.7,8.2,1014.3,Nanded,2024,2
2024-03-01,28.6,22.0,37.0,14.1,1011.1,Nanded,2024,3
2024-04-01,31.3,25.0,39.1,8.8,1007.8,Nanded,2024,4
2024-05-01,33.2,27.3,41.5,20.5,1003.4,Nanded,2024,5
2024-06-01,31.1,26.7,38.4,272.6,1002.1,Nanded,2024,6
2024-07-01,27.0,24.7,31.2,753.1,999.9,Nanded,2024,7
2024-08-01,27.9,24.3,31.5,213.0,1003.8,Nanded,2024,8
2024-09-01,28.4,24.4,32.4,184.0,1003.7,Nanded,2024,9
2024-10-01,27.6,23.4,34.4,52.1,1009.2,Nanded,2024,10
2024-11-01,23.2,17.1,31.6,0.0,1013.2,Nanded,2024,11
2024-12-01,22.2,16.9,30.3,3.0,1013.5,Nanded,2024,12
2025-01-01,21.2,14.6,31.9,0.0,1014.1,Nanded,2025,1
2025-02-01,25.9,18.6,35.8,0.0,1012.8,Nanded,2025,2
2025-03-01,29.0,19.5,38.5,0.0,1009.5,Nanded,2025,3
2025-04-01,32.3,25.6,40.9,9.3,1006.4,Nanded,2025,4
2025-05-01,31.5,26.3,38.7,57.7,1003.3,Nanded,2025,5
2025-06-01,30.1,25.9,36.2,131.6,1001.5,Nanded,2025,6
2025-07-01,26.8,24.4,31.2,727.8,1001.0,Nanded,2025,7
2025-08-01,26.9,24.3,31.5,349.4,1003.7,Nanded,2025,8
2025-09-01,26.5,24.0,30.5,279.5,1005.2,Nanded,2025,9
2025-10-01,26.1,22.4,30.7,115.4,1009.3,Nanded,2025,10
2025-11-01,21.8,15.8,28.5,2.1,1014.3,Nanded,2025,11
2025-12-01,18.6,11.7,26.8,0.0,1015.5,Nanded,2025,12
2020-01-01,26.633689154568746,21.414444444444445,32.41121172919362,0.0,1008.9854796888507,Nandurbar,2020,1
2020-02-01,26.633689154568746,21.414444444444445,32.41121172919362,0.0,1008.9854796888507,Nandurbar,2020,2
2020-03-01,26.633689154568746,21.414444444444445,32.41121172919362,0.0,1008.9854796888507,Nandurbar,2020,3
2020-04-01,26.633689154568746,21.414444444444445,32.41121172919362,0.0,1008.9854796888507,Nandurbar,2020,4
2020-05-01,26.633689154568746,21.414444444444445,32.41121172919362,0.0,1008.9854796888507,Nandurbar,2020,5
2020-06-01,26.633689154568746,21.414444444444445,32.41121172919362,0.0,1008.9854796888507,Nandurbar,2020,6
2020-07-01,26.633689154568746,21.414444444444445,32.41121172919362,0.0,1008.9854796888507,Nandurbar,2020,7
2020-08-01,26.633689154568746,21.414444444444445,32.41121172919362,0.0,1008.9854796888507,Nandurbar,2020,8
2020-09-01,26.633689154568746,21.414444444444445,32.41121172919362,0.0,1008.9854796888507,Nandurbar,2020,9
2020-10-01,26.633689154568746,21.414444444444445,32.41121172919362,0.0,1008.9854796888507,Nandurbar,2020,10
2020-11-01,26.633689154568746,21.414444444444445,32.41121172919362,0.0,1008.9854796888507,Nandurbar,2020,11
2020-12-01,26.633689154568746,21.414444444444445,32.41121172919362,0.0,1008.9854796888507,Nandurbar,2020,12
2021-01-01,22.4,16.8,29.4,0.0,1012.9,Nandurbar,2021,1
2021-02-01,23.4,16.4,30.8,1.3,1014.0,Nandurbar,2021,2
2021-03-01,28.3,20.9,35.9,0.4,1011.1,Nandurbar,2021,3
2021-04-01,31.4,24.2,38.5,0.0,1009.0,Nandurbar,2021,4
2021-05-01,30.7,24.9,37.5,14.2,1005.9,Nandurbar,2021,5
2021-06-01,28.1,24.4,33.7,70.5,1005.3,Nandurbar,2021,6
2021-07-01,26.9,23.9,31.8,220.0,1003.7,Nandurbar,2021,7
2021-08-01,25.8,22.7,30.1,150.5,1006.0,Nandurbar,2021,8
2021-09-01,25.2,22.6,29.2,316.8,1005.2,Nandurbar,2021,9
2021-10-01,24.5,19.8,29.9,76.6,1009.8,Nandurbar,2021,10
2021-11-01,24.2,18.4,30.4,19.2,1011.3,Nandurbar,2021,11
2021-12-01,20.4,15.3,26.4,70.2,1014.8,Nandurbar,2021,12
2022-01-01,19.3,13.2,26.4,3.0,1014.0,Nandurbar,2022,1
2022-02-01,23.0,15.0,31.2,0.0,1011.7,Nandurbar,2022,2
2022-03-01,29.1,20.5,36.7,0.7,1009.8,Nandurbar,2022,3
2022-04-01,33.1,25.2,40.8,0.0,1007.6,Nandurbar,2022,4
2022-05-01,32.3,25.4,40.4,0.0,1004.5,Nandurbar,2022,5
2022-06-01,28.8,24.3,35.3,146.1,1004.4,Nandurbar,2022,6
2022-07-01,25.4,23.2,28.9,432.0,1003.9,Nandurbar,2022,7
2022-08-01,25.5,22.8,29.5,116.3,1004.3,Nandurbar,2022,8
2022-09-01,24.9,22.1,29.3,247.0,1007.2,Nandurbar,2022,9
2022-10-01,24.1,19.7,29.5,75.5,1011.4,Nandurbar,2022,10
2022-11-01,23.0,16.8,29.7,0.0,1013.9,Nandurbar,2022,11
2022-12-01,22.4,16.7,29.3,27.3,1013.5,Nandurbar,2022,12
2023-01-01,20.5,14.1,28.1,1.1,1015.0,Nandurbar,2023,1
2023-02-01,23.4,15.8,31.9,0.0,1014.2,Nandurbar,2023,2
2023-03-01,25.6,18.7,33.1,7.6,1012.3,Nandurbar,2023,3
2023-04-01,29.4,22.6,36.8,21.5,1009.6,Nandurbar,2023,4
2023-05-01,31.4,24.6,38.7,0.5,1008.3,Nandurbar,2023,5
2023-06-01,29.8,24.9,36.2,75.5,1005.4,Nandurbar,2023,6
2023-07-01,26.0,23.9,29.9,236.1,1004.5,Nandurbar,2023,7
2023-08-01,26.0,22.9,30.3,20.5,1007.5,Nandurbar,2023,8
2023-09-01,25.9,22.8,30.4,193.0,1006.8,Nandurbar,2023,9
2023-10-01,27.0,20.9,33.2,0.6,1012.5,Nandurbar,2023,10
2023-11-01,25.0,19.6,31.3,50.6,1014.0,Nandurbar,2023,11
2023-12-01,21.9,16.4,28.5,3.1,1015.0,Nandurbar,2023,12
2024-01-01,21.5,15.2,28.8,6.4,1015.0,Nandurbar,2024,1
2024-02-01,24.1,17.0,31.8,0.0,1014.8,Nandurbar,2024,2
2024-03-01,27.9,20.3,36.1,0.0,1012.2,Nandurbar,2024,3
2024-04-01,32.4,25.2,39.6,0.0,1008.5,Nandurbar,2024,4
2024-05-01,33.1,26.3,40.6,11.1,1005.4,Nandurbar,2024,5
2024-06-01,28.7,25.0,34.7,193.2,1004.3,Nandurbar,2024,6
2024-07-01,26.3,24.2,29.9,396.4,1002.0,Nandurbar,2024,7
2024-08-01,26.633689154568746,21.414444444444445,32.41121172919362,0.0,1008.9854796888507,Nandurbar,2024,8
2024-09-01,26.633689154568746,21.414444444444445,32.41121172919362,0.0,1008.9854796888507,Nandurbar,2024,9
2024-10-01,25.3,21.3,30.5,123.0,1010.5,Nandurbar,2024,10
2024-11-01,23.1,17.4,29.8,0.0,1013.7,Nandurbar,2024,11
2024-12-01,21.2,15.7,28.0,0.0,1013.8,Nandurbar,2024,12
2025-01-01,21.1,15.1,28.4,0.1,1014.2,Nandurbar,2025,1
2025-02-01,24.0,17.2,32.0,0.0,1013.9,Nandurbar,2025,2
2025-03-01,26.633689154568746,21.414444444444445,32.41121172919362,0.0,1008.9854796888507,Nandurbar,2025,3
2025-04-01,32.2,24.9,39.8,0.1,1007.7,Nandurbar,2025,4
2025-05-01,29.2,24.6,35.8,82.8,1005.3,Nandurbar,2025,5
2025-06-01,27.7,24.2,32.9,207.4,1003.6,Nandurbar,2025,6
2025-07-01,26.0,23.5,29.8,129.9,1003.7,Nandurbar,2025,7
2025-08-01,25.5,22.8,29.7,236.8,1005.9,Nandurbar,2025,8
2025-09-01,24.8,22.0,29.0,349.9,1007.3,Nandurbar,2025,9
2025-10-01,24.5,20.5,29.6,116.8,1010.4,Nandurbar,2025,10
2025-11-01,21.4,15.8,28.0,7.5,1014.8,Nandurbar,2025,11
2025-12-01,19.1,12.7,26.9,0.0,1015.8,Nandurbar,2025,12
2020-01-01,26.633689154568746,21.414444444444445,32.41121172919362,0.0,1008.9854796888507,Nashik,2020,1
2020-02-01,26.633689154568746,21.414444444444445,32.41121172919362,0.0,1008.9854796888507,Nashik,2020,2
2020-03-01,26.633689154568746,21.414444444444445,32.41121172919362,0.0,1008.9854796888507,Nashik,2020,3
2020-04-01,26.633689154568746,21.414444444444445,32.41121172919362,0.0,1008.9854796888507,Nashik,2020,4
2020-05-01,26.633689154568746,21.414444444444445,32.41121172919362,0.0,1008.9854796888507,Nashik,2020,5
2020-06-01,26.633689154568746,21.414444444444445,32.41121172919362,0.0,1008.9854796888507,Nashik,2020,6
2020-07-01,26.633689154568746,21.414444444444445,32.41121172919362,0.0,1008.9854796888507,Nashik,2020,7
2020-08-01,26.633689154568746,21.414444444444445,32.41121172919362,0.0,1008.9854796888507,Nashik,2020,8
2020-09-01,26.633689154568746,21.414444444444445,32.41121172919362,0.0,1008.9854796888507,Nashik,2020,9
2020-10-01,26.633689154568746,21.414444444444445,32.41121172919362,0.0,1008.9854796888507,Nashik,2020,10
2020-11-01,26.633689154568746,21.414444444444445,32.41121172919362,0.0,1008.9854796888507,Nashik,2020,11
2020-12-01,26.633689154568746,21.414444444444445,32.41121172919362,0.0,1008.9854796888507,Nashik,2020,12
2021-01-01,21.6,15.7,29.6,0.0,1012.9,Nashik,2021,1
2021-02-01,22.0,14.6,30.3,0.9,1014.2,Nashik,2021,2
2021-03-01,26.6,18.2,35.1,0.0,1011.6,Nashik,2021,3
2021-04-01,28.8,20.9,37.0,1.3,1009.9,Nashik,2021,4
2021-05-01,28.0,22.5,34.5,41.2,1006.8,Nashik,2021,5
2021-06-01,25.2,22.4,30.1,119.2,1006.5,Nashik,2021,6
2021-07-01,24.7,22.5,28.5,298.7,1004.7,Nashik,2021,7
2021-08-01,23.7,21.5,27.2,164.7,1007.2,Nashik,2021,8
2021-09-01,23.6,21.6,27.1,396.6,1006.2,Nashik,2021,9
2021-10-01,23.7,18.6,30.6,50.0,1010.6,Nashik,2021,10
2021-11-01,23.1,17.7,29.4,19.3,1011.8,Nashik,2021,11
2021-12-01,19.6,14.4,26.9,96.9,1015.5,Nashik,2021,12
2022-01-01,18.4,12.2,25.9,3.6,1014.6,Nashik,2022,1
2022-02-01,21.7,13.6,30.5,0.0,1012.5,Nashik,2022,2
2022-03-01,27.4,19.3,35.5,0.7,1010.4,Nashik,2022,3
2022-04-01,30.3,21.9,38.7,0.5,1008.5,Nashik,2022,4
2022-05-01,29.0,22.8,36.7,0.0,1005.9,Nashik,2022,5
2022-06-01,26.5,22.5,32.5,125.1,1005.3,Nashik,2022,6
2022-07-01,23.5,21.6,26.5,351.4,1005.0,Nashik,2022,7
2022-08-01,23.8,21.6,27.3,196.2,1005.1,Nashik,2022,8
2022-09-01,23.6,21.1,28.1,263.2,1007.9,Nashik,2022,9
2022-10-01,23.0,18.5,29.0,68.4,1011.8,Nashik,2022,10
2022-11-01,21.3,14.0,29.3,0.0,1014.1,Nashik,2022,11
2022-12-01,21.6,15.2,29.7,12.4,1013.6,Nashik,2022,12
2023-01-01,19.7,12.7,28.4,0.1,1015.1,Nashik,2023,1
2023-02-01,23.2,13.5,32.6,0.0,1013.7,Nashik,2023,2
2023-03-01,23.9,16.7,31.6,9.5,1011.3,Nashik,2023,3
2023-04-01,27.6,20.1,35.3,0.1,1008.6,Nashik,2023,4
2023-05-01,28.8,22.2,36.0,0.9,1007.8,Nashik,2023,5
2023-06-01,27.2,23.1,32.7,125.4,1005.0,Nashik,2023,6
2023-07-01,24.0,22.2,27.0,256.9,1003.9,Nashik,2023,7
2023-08-01,23.9,21.8,27.5,56.8,1007.0,Nashik,2023,8
2023-09-01,24.2,21.6,28.4,156.4,1006.3,Nashik,2023,9
2023-10-01,24.9,19.0,31.9,0.7,1011.4,Nashik,2023,10
2023-11-01,23.3,17.3,30.0,30.7,1012.5,Nashik,2023,11
2023-12-01,21.3,15.9,28.3,0.8,1013.4,Nashik,2023,12
2024-01-01,20.8,14.2,28.8,10.6,1014.9,Nashik,2024,1
2024-02-01,23.1,15.4,31.4,0.0,1014.9,Nashik,2024,2
2024-03-01,26.2,17.8,34.8,0.1,1012.7,Nashik,2024,3
2024-04-01,30.4,22.5,38.1,0.2,1009.0,Nashik,2024,4
2024-05-01,30.1,23.8,37.7,29.3,1006.3,Nashik,2024,5
2024-06-01,26.6,23.2,32.0,124.8,1005.0,Nashik,2024,6
2024-07-01,24.3,22.4,27.5,305.4,1002.7,Nashik,2024,7
2024-08-01,26.633689154568746,21.414444444444445,32.41121172919362,0.0,1008.9854796888507,Nashik,2024,8
2024-09-01,23.9,21.414444444444445,32.41121172919362,0.0,1007.6,Nashik,2024,9
2024-10-01,24.6,20.4,31.0,99.4,1010.8,Nashik,2024,10
2024-11-01,22.4,15.4,29.5,0.0,1013.9,Nashik,2024,11
2024-12-01,21.3,14.9,28.5,0.0,1013.8,Nashik,2024,12
2025-01-01,22.2,14.9,30.1,0.2,1014.0,Nashik,2025,1
2025-02-01,24.9,15.9,33.2,0.0,1014.0,Nashik,2025,2
2025-03-01,26.633689154568746,21.414444444444445,32.41121172919362,0.0,1008.9854796888507,Nashik,2025,3
2025-04-01,30.2,22.4,38.4,7.2,1008.7,Nashik,2025,4
2025-05-01,26.7,22.6,32.8,102.9,1006.1,Nashik,2025,5
2025-06-01,24.9,22.1,29.0,208.4,1004.5,Nashik,2025,6
2025-07-01,23.9,21.9,27.0,148.8,1004.3,Nashik,2025,7
2025-08-01,23.7,21.7,27.4,198.9,1006.6,Nashik,2025,8
2025-09-01,23.2,21.1,26.9,279.4,1008.4,Nashik,2025,9
2025-10-01,23.9,20.3,28.8,85.6,1010.7,Nashik,2025,10
2025-11-01,21.7,16.6,27.8,2.5,1015.0,Nashik,2025,11
2025-12-01,20.1,14.1,27.4,0.0,1015.7,Nashik,2025,12
2020-01-01,24.9,19.2,29.9,0.0,1013.4,Navi Mumbai,2020,1
2020-02-01,27.3,21.0,32.6,0.0,1012.7,Navi Mumbai,2020,2
2020-03-01,27.7,22.6,31.9,0.0,1011.2,Navi Mumbai,2020,3
2020-04-01,30.2,26.4,33.9,0.0,1009.6,Navi Mumbai,2020,4
2020-05-01,31.1,28.6,34.0,0.0,1007.3,Navi Mumbai,2020,5
2020-06-01,29.2,26.0,32.3,525.0,1003.7,Navi Mumbai,2020,6
2020-07-01,28.1,25.4,30.5,1501.9,1003.2,Navi Mumbai,2020,7
2020-08-01,27.6,25.0,29.6,826.5,1003.3,Navi Mumbai,2020,8
2020-09-01,28.4,25.3,31.4,320.0,1005.6,Navi Mumbai,2020,9
2020-10-01,29.2,25.6,32.7,224.0,1007.3,Navi Mumbai,2020,10
2020-11-01,28.7,23.1,33.9,0.0,1011.8,Navi Mumbai,2020,11
2020-12-01,26.6,20.8,32.3,25.0,1012.0,Navi Mumbai,2020,12
2021-01-01,25.9,20.5,30.9,1.0,1011.1,Navi Mumbai,2021,1
2021-02-01,27.3,21.4,32.9,0.0,1012.1,Navi Mumbai,2021,2
2021-03-01,29.7,23.9,35.0,0.0,1010.0,Navi Mumbai,2021,3
2021-04-01,30.0,26.2,33.6,0.0,1009.1,Navi Mumbai,2021,4
2021-05-01,30.7,27.8,33.8,154.4,1005.5,Navi Mumbai,2021,5
2021-06-01,28.6,25.5,31.5,317.0,1005.3,Navi Mumbai,2021,6
2021-07-01,28.6,25.7,30.8,773.9,1003.8,Navi Mumbai,2021,7
2021-08-01,27.8,25.1,30.0,295.1,1006.3,Navi Mumbai,2021,8
2021-09-01,27.7,24.8,30.1,436.9,1005.1,Navi Mumbai,2021,9
2021-10-01,29.4,25.2,33.5,31.8,1008.6,Navi Mumbai,2021,10
2021-11-01,29.5,25.0,34.1,50.1,1009.2,Navi Mumbai,2021,11
2021-12-01,25.8,21.0,30.6,103.3,1013.3,Navi Mumbai,2021,12
2022-01-01,24.5,19.3,29.3,9.6,1012.9,Navi Mumbai,2022,1
2022-02-01,25.3,19.3,30.5,0.0,1011.3,Navi Mumbai,2022,2
2022-03-01,30.0,24.7,34.9,0.1,1008.9,Navi Mumbai,2022,3
2022-04-01,30.6,26.8,34.5,0.0,1008.0,Navi Mumbai,2022,4
2022-05-01,30.9,28.8,34.0,7.0,1005.7,Navi Mumbai,2022,5
2022-06-01,29.3,26.6,32.9,298.3,1004.4,Navi Mumbai,2022,6
2022-07-01,27.8,25.3,29.8,1185.2,1004.0,Navi Mumbai,2022,7
2022-08-01,27.7,25.1,30.3,550.9,1004.2,Navi Mumbai,2022,8
2022-09-01,27.5,24.7,30.2,528.4,1006.6,Navi Mumbai,2022,9
2022-10-01,28.4,24.5,32.4,165.5,1009.8,Navi Mumbai,2022,10
2022-11-01,27.9,21.9,33.6,0.0,1011.7,Navi Mumbai,2022,11
2022-12-01,27.3,21.8,32.5,6.2,1011.4,Navi Mumbai,2022,12
2023-01-01,24.4,18.7,29.5,0.0,1013.4,Navi Mumbai,2023,1
2023-02-01,28.1,20.6,34.2,0.0,1012.4,Navi Mumbai,2023,2
2023-03-01,28.9,23.6,33.5,21.0,1011.2,Navi Mumbai,2023,3
2023-04-01,30.0,25.8,33.8,15.3,1009.0,Navi Mumbai,2023,4
2023-05-01,30.8,28.3,33.6,0.6,1008.8,Navi Mumbai,2023,5
2023-06-01,30.4,27.8,33.7,561.1,1005.7,Navi Mumbai,2023,6
2023-07-01,27.8,25.3,29.4,1768.9,1004.7,Navi Mumbai,2023,7
2023-08-01,28.6,26.3,30.8,187.3,1007.9,Navi Mumbai,2023,8
2023-09-01,28.2,25.2,31.0,483.8,1006.6,Navi Mumbai,2023,9
2023-10-01,30.2,25.8,34.5,13.0,1011.0,Navi Mumbai,2023,10
2023-11-01,29.4,24.3,34.4,7.1,1011.7,Navi Mumbai,2023,11
2023-12-01,27.9,22.8,32.9,0.0,1012.3,Navi Mumbai,2023,12
2024-01-01,26.3,19.9,31.3,1.1,1013.2,Navi Mumbai,2024,1
2024-02-01,27.1,20.6,32.6,0.0,1013.5,Navi Mumbai,2024,2
2024-03-01,28.3,23.2,32.8,0.1,1011.9,Navi Mumbai,2024,3
2024-04-01,30.7,26.6,34.7,0.0,1008.2,Navi Mumbai,2024,4
2024-05-01,31.1,28.6,34.2,1.4,1005.9,Navi Mumbai,2024,5
2024-06-01,29.7,27.2,33.2,351.3,1004.0,Navi Mumbai,2024,6
2024-07-01,27.5,25.3,29.8,1663.8,1002.1,Navi Mumbai,2024,7
2024-08-01,28.2,26.3,30.9,390.5,1005.7,Navi Mumbai,2024,8
2024-09-01,27.7,25.2,30.6,659.3,1006.5,Navi Mumbai,2024,9
2024-10-01,29.3,25.6,33.3,112.0,1008.8,Navi Mumbai,2024,10
2024-11-01,28.4,22.6,34.1,0.5,1011.2,Navi Mumbai,2024,11
2024-12-01,26.2,20.6,32.0,0.0,1011.7,Navi Mumbai,2024,12
2025-01-01,26.2,20.0,32.2,0.0,1011.9,Navi Mumbai,2025,1
2025-02-01,28.0,21.2,34.0,0.0,1012.2,Navi Mumbai,2025,2
2025-03-01,29.3,24.2,34.4,0.0,1010.0,Navi Mumbai,2025,3
2025-04-01,30.2,26.7,34.1,0.0,1008.2,Navi Mumbai,2025,4
2025-05-01,29.5,25.8,32.9,237.0,1005.0,Navi Mumbai,2025,5
2025-06-01,28.6,26.2,31.4,510.9,1003.6,Navi Mumbai,2025,6
2025-07-01,28.1,26.0,30.0,801.7,1003.5,Navi Mumbai,2025,7
2025-08-01,27.4,25.5,29.5,1098.0,1005.7,Navi Mumbai,2025,8
2025-09-01,27.0,25.4,29.0,480.7,1007.2,Navi Mumbai,2025,9
2025-10-01,29.1,26.3,32.8,170.2,1008.0,Navi Mumbai,2025,10
2025-11-01,27.8,24.3,32.0,9.2,1012.5,Navi Mumbai,2025,11
2025-12-01,27.0,22.8,32.1,0.0,1012.9,Navi Mumbai,2025,12
2020-01-01,26.633689154568746,21.414444444444445,32.41121172919362,0.0,1008.9854796888507,Osmanabad,2020,1
2020-02-01,26.633689154568746,21.414444444444445,32.41121172919362,0.0,1008.9854796888507,Osmanabad,2020,2
2020-03-01,26.633689154568746,21.414444444444445,32.41121172919362,0.0,1008.9854796888507,Osmanabad,2020,3
2020-04-01,26.633689154568746,21.414444444444445,32.41121172919362,0.0,1008.9854796888507,Osmanabad,2020,4
2020-05-01,26.633689154568746,21.414444444444445,32.41121172919362,0.0,1008.9854796888507,Osmanabad,2020,5
2020-06-01,26.633689154568746,21.414444444444445,32.41121172919362,0.0,1008.9854796888507,Osmanabad,2020,6
2020-07-01,26.633689154568746,21.414444444444445,32.41121172919362,0.0,1008.9854796888507,Osmanabad,2020,7
2020-08-01,26.633689154568746,21.414444444444445,32.41121172919362,0.0,1008.9854796888507,Osmanabad,2020,8
2020-09-01,26.633689154568746,21.414444444444445,32.41121172919362,0.0,1008.9854796888507,Osmanabad,2020,9
2020-10-01,26.633689154568746,21.414444444444445,32.41121172919362,0.0,1008.9854796888507,Osmanabad,2020,10
2020-11-01,26.633689154568746,21.414444444444445,32.41121172919362,0.0,1008.9854796888507,Osmanabad,2020,11
2020-12-01,26.633689154568746,21.414444444444445,32.41121172919362,0.0,1008.9854796888507,Osmanabad,2020,12
2021-01-01,26.1,20.5,32.3,0.0,1011.7,Osmanabad,2021,1
2021-02-01,26.2,19.5,32.8,0.4,1012.7,Osmanabad,2021,2
2021-03-01,30.6,23.3,37.2,2.0,1010.0,Osmanabad,2021,3
2021-04-01,32.1,25.4,38.2,1.2,1008.3,Osmanabad,2021,4
2021-05-01,30.6,24.5,37.0,107.1,1005.8,Osmanabad,2021,5
2021-06-01,27.0,22.5,32.5,183.2,1006.2,Osmanabad,2021,6
2021-07-01,26.2,22.1,30.6,148.6,1004.7,Osmanabad,2021,7
2021-08-01,26.7,21.9,31.0,85.1,1006.5,Osmanabad,2021,8
2021-09-01,26.1,21.4,30.6,267.2,1006.0,Osmanabad,2021,9
2021-10-01,26.7,20.8,32.8,41.7,1009.2,Osmanabad,2021,10
2021-11-01,26.0,20.4,31.5,74.6,1010.5,Osmanabad,2021,11
2021-12-01,23.8,17.9,30.0,12.8,1014.1,Osmanabad,2021,12
2022-01-01,23.6,17.6,30.0,0.4,1013.0,Osmanabad,2022,1
2022-02-01,26.6,20.1,33.1,0.0,1011.0,Osmanabad,2022,2
2022-03-01,30.9,24.0,37.5,0.8,1008.6,Osmanabad,2022,3
2022-04-01,33.7,27.2,40.2,25.9,1006.8,Osmanabad,2022,4
2022-05-01,32.2,26.2,38.6,0.0,1003.7,Osmanabad,2022,5
2022-06-01,28.7,24.4,35.0,97.1,1004.6,Osmanabad,2022,6
2022-07-01,25.5,22.6,29.7,307.4,1004.9,Osmanabad,2022,7
2022-08-01,25.8,22.5,30.6,201.3,1005.0,Osmanabad,2022,8
2022-09-01,25.7,22.0,31.0,262.6,1007.2,Osmanabad,2022,9
2022-10-01,25.0,20.3,30.9,165.4,1010.6,Osmanabad,2022,10
2022-11-01,25.5,19.1,32.2,0.0,1012.6,Osmanabad,2022,11
2022-12-01,25.1,19.2,31.8,2.9,1012.4,Osmanabad,2022,12
2023-01-01,24.8,18.6,31.6,0.2,1013.6,Osmanabad,2023,1
2023-02-01,27.3,19.5,34.6,0.0,1012.9,Osmanabad,2023,2
2023-03-01,28.7,22.1,35.0,0.4,1011.1,Osmanabad,2023,3
2023-04-01,31.3,24.0,37.9,39.6,1008.7,Osmanabad,2023,4
2023-05-01,32.8,26.3,39.2,7.7,1007.3,Osmanabad,2023,5
2023-06-01,31.0,25.7,37.0,71.7,1005.5,Osmanabad,2023,6
2023-07-01,25.7,22.3,30.0,363.8,1005.6,Osmanabad,2023,7
2023-08-01,27.3,22.3,32.3,53.3,1008.1,Osmanabad,2023,8
2023-09-01,27.1,22.3,31.9,194.2,1006.8,Osmanabad,2023,9
2023-10-01,27.3,21.3,34.0,63.0,1011.6,Osmanabad,2023,10
2023-11-01,26.6,21.2,32.1,177.6,1012.9,Osmanabad,2023,11
2023-12-01,23.4,18.2,30.0,0.1,1014.0,Osmanabad,2023,12
2024-01-01,25.1,19.2,31.9,1.0,1013.7,Osmanabad,2024,1
2024-02-01,28.2,21.7,34.9,0.0,1013.3,Osmanabad,2024,2
2024-03-01,31.7,24.9,38.0,0.0,1010.7,Osmanabad,2024,3
2024-04-01,33.7,27.1,40.3,36.6,1007.2,Osmanabad,2024,4
2024-05-01,32.9,26.3,40.1,45.9,1004.8,Osmanabad,2024,5
2024-06-01,27.4,23.9,32.8,368.3,1005.0,Osmanabad,2024,6
2024-07-01,26.7,23.0,30.3,212.4,1003.6,Osmanabad,2024,7
2024-08-01,26.7,23.0,32.41121172919362,0.0,1008.9854796888507,Osmanabad,2024,8
2024-09-01,26.4,22.1,32.41121172919362,218.2,1007.1,Osmanabad,2024,9
2024-10-01,26.6,22.0,32.9,112.3,1009.8,Osmanabad,2024,10
2024-11-01,24.8,19.1,31.8,5.8,1012.5,Osmanabad,2024,11
2024-12-01,24.4,19.0,31.2,0.0,1012.4,Osmanabad,2024,12
2025-01-01,24.3,17.9,32.2,0.0,1013.1,Osmanabad,2025,1
2025-02-01,27.7,20.5,35.3,0.0,1012.6,Osmanabad,2025,2
2025-03-01,26.633689154568746,21.414444444444445,32.41121172919362,0.0,1008.9854796888507,Osmanabad,2025,3
2025-04-01,33.1,26.1,40.5,6.3,1007.0,Osmanabad,2025,4
2025-05-01,29.3,24.4,35.5,222.7,1004.8,Osmanabad,2025,5
2025-06-01,27.5,23.8,32.8,82.9,1004.6,Osmanabad,2025,6
2025-07-01,26.9,23.3,31.7,200.6,1004.6,Osmanabad,2025,7
2025-08-01,25.7,22.3,30.3,355.4,1006.7,Osmanabad,2025,8
2025-09-01,24.9,21.7,29.8,321.4,1008.0,Osmanabad,2025,9
2025-10-01,25.8,21.4,32.3,119.5,1010.3,Osmanabad,2025,10
2025-11-01,25.0,18.8,32.5,6.0,1014.1,Osmanabad,2025,11
2025-12-01,23.2,16.0,32.0,0.0,1015.0,Osmanabad,2025,12
2020-01-01,24.9,19.2,29.9,0.0,1013.4,Panvel,2020,1
2020-02-01,27.3,21.0,32.6,0.0,1012.7,Panvel,2020,2
2020-03-01,27.7,22.6,31.9,0.0,1011.2,Panvel,2020,3
2020-04-01,30.2,26.4,33.9,0.0,1009.6,Panvel,2020,4
2020-05-01,31.1,28.6,34.0,0.0,1007.3,Panvel,2020,5
2020-06-01,29.2,26.0,32.3,525.0,1003.7,Panvel,2020,6
2020-07-01,28.1,25.4,30.5,1501.9,1003.2,Panvel,2020,7
2020-08-01,27.6,25.0,29.6,826.5,1003.3,Panvel,2020,8
2020-09-01,28.4,25.3,31.4,320.0,1005.6,Panvel,2020,9
2020-10-01,29.2,25.6,32.7,224.0,1007.3,Panvel,2020,10
2020-11-01,28.7,23.1,33.9,0.0,1011.8,Panvel,2020,11
2020-12-01,26.6,20.8,32.3,25.0,1012.0,Panvel,2020,12
2021-01-01,25.9,20.5,30.9,1.0,1011.1,Panvel,2021,1
2021-02-01,27.3,21.4,32.9,0.0,1012.1,Panvel,2021,2
2021-03-01,29.7,23.9,35.0,0.0,1010.0,Panvel,2021,3
2021-04-01,30.0,26.2,33.6,0.0,1009.1,Panvel,2021,4
2021-05-01,30.7,27.8,33.8,154.4,1005.5,Panvel,2021,5
2021-06-01,28.6,25.5,31.5,317.0,1005.3,Panvel,2021,6
2021-07-01,28.6,25.7,30.8,773.9,1003.8,Panvel,2021,7
2021-08-01,25.0,21.4,28.0,336.1,1007.2,Panvel,2021,8
2021-09-01,25.0,21.6,28.0,406.3,1006.1,Panvel,2021,9
2021-10-01,26.4,21.8,32.5,109.0,1009.0,Panvel,2021,10
2021-11-01,26.9,21.8,33.9,45.5,1009.5,Panvel,2021,11
2021-12-01,23.5,17.9,30.4,152.0,1013.5,Panvel,2021,12
2022-01-01,22.2,15.9,29.8,5.6,1013.0,Panvel,2022,1
2022-02-01,24.4,17.3,33.4,0.0,1011.4,Panvel,2022,2
2022-03-01,29.5,22.2,38.7,0.0,1008.9,Panvel,2022,3
2022-04-01,30.2,23.2,39.8,0.1,1007.9,Panvel,2022,4
2022-05-01,29.9,23.9,36.7,7.0,1005.8,Panvel,2022,5
2022-06-01,27.4,23.1,32.8,342.5,1005.1,Panvel,2022,6
2022-07-01,24.6,21.7,27.1,802.7,1005.2,Panvel,2022,7
2022-08-01,25.0,21.6,28.1,590.9,1005.1,Panvel,2022,8
2022-09-01,24.8,21.9,28.7,419.0,1007.4,Panvel,2022,9
2022-10-01,25.1,21.0,30.7,158.2,1010.4,Panvel,2022,10
2022-11-01,25.5,19.2,33.0,0.0,1011.8,Panvel,2022,11
2022-12-01,25.9,19.7,33.5,3.2,1011.5,Panvel,2022,12
2023-01-01,23.4,17.0,31.9,0.6,1013.4,Panvel,2023,1
2023-02-01,26.9,18.9,36.2,0.0,1012.4,Panvel,2023,2
2023-03-01,27.2,20.8,35.5,4.6,1011.4,Panvel,2023,3
2023-04-01,29.6,23.2,38.1,0.5,1009.2,Panvel,2023,4
2023-05-01,29.9,24.4,37.5,12.2,1009.0,Panvel,2023,5
2023-06-01,28.3,23.8,33.2,278.9,1006.3,Panvel,2023,6
2023-07-01,24.9,22.0,27.6,827.3,1005.9,Panvel,2023,7
2023-08-01,25.4,21.7,28.9,183.6,1008.6,Panvel,2023,8
2023-09-01,25.5,22.0,29.3,349.1,1007.5,Panvel,2023,9
2023-10-01,27.6,22.3,34.1,6.4,1011.3,Panvel,2023,10
2023-11-01,26.8,20.9,34.0,9.4,1011.9,Panvel,2023,11
2023-12-01,25.3,18.9,32.9,0.0,1012.4,Panvel,2023,12
2024-01-01,24.2,17.9,31.9,4.4,1013.3,Panvel,2024,1
2024-02-01,26.0,18.8,34.8,0.0,1013.5,Panvel,2024,2
2024-03-01,27.9,20.5,37.5,0.0,1011.8,Panvel,2024,3
2024-04-01,31.2,24.4,40.6,0.2,1008.2,Panvel,2024,4
2024-05-01,31.0,25.0,38.5,9.0,1006.1,Panvel,2024,5
2024-06-01,27.4,23.7,32.0,282.8,1004.9,Panvel,2024,6
2024-07-01,25.2,22.4,27.9,823.6,1003.3,Panvel,2024,7
2024-08-01,28.2,26.3,30.9,390.5,1005.7,Panvel,2024,8
2024-09-01,27.7,25.2,30.6,659.3,1006.5,Panvel,2024,9
2024-10-01,26.8,22.9,32.6,138.8,1009.4,Panvel,2024,10
2024-11-01,25.1,18.9,32.9,0.5,1011.5,Panvel,2024,11
2024-12-01,23.9,17.9,31.7,0.0,1011.8,Panvel,2024,12
2025-01-01,24.7,17.9,33.4,0.0,1012.0,Panvel,2025,1
2025-02-01,26.8,19.0,36.6,0.0,1012.2,Panvel,2025,2
2025-03-01,29.3,24.2,34.4,0.0,1010.0,Panvel,2025,3
2025-04-01,29.9,23.0,39.5,0.7,1008.3,Panvel,2025,4
2025-05-01,28.1,23.0,34.6,216.4,1005.6,Panvel,2025,5
2025-06-01,26.0,22.6,30.4,613.2,1004.7,Panvel,2025,6
2025-07-01,24.8,22.0,28.0,541.8,1004.8,Panvel,2025,7
2025-08-01,24.8,21.9,27.8,510.8,1006.7,Panvel,2025,8
2025-09-01,24.9,23.0,28.2,494.2,1007.9,Panvel,2025,9
2025-10-01,26.1,22.2,31.5,122.4,1008.7,Panvel,2025,10
2025-11-01,24.5,18.4,32.1,9.0,1012.9,Panvel,2025,11
2025-12-01,23.3,15.7,32.7,0.0,1013.1,Panvel,2025,12
2020-01-01,26.633689154568746,21.414444444444445,32.41121172919362,0.0,1008.9854796888507,Parbhani,2020,1
2020-02-01,26.633689154568746,21.414444444444445,32.41121172919362,0.0,1008.9854796888507,Parbhani,2020,2
2020-03-01,26.633689154568746,21.414444444444445,32.41121172919362,0.0,1008.9854796888507,Parbhani,2020,3
2020-04-01,26.633689154568746,21.414444444444445,32.41121172919362,0.0,1008.9854796888507,Parbhani,2020,4
2020-05-01,26.633689154568746,21.414444444444445,32.41121172919362,0.0,1008.9854796888507,Parbhani,2020,5
2020-06-01,26.633689154568746,21.414444444444445,32.41121172919362,0.0,1008.9854796888507,Parbhani,2020,6
2020-07-01,26.633689154568746,21.414444444444445,32.41121172919362,0.0,1008.9854796888507,Parbhani,2020,7
2020-08-01,26.633689154568746,21.414444444444445,32.41121172919362,0.0,1008.9854796888507,Parbhani,2020,8
2020-09-01,26.633689154568746,21.414444444444445,32.41121172919362,0.0,1008.9854796888507,Parbhani,2020,9
2020-10-01,26.633689154568746,21.414444444444445,32.41121172919362,0.0,1008.9854796888507,Parbhani,2020,10
2020-11-01,26.633689154568746,21.414444444444445,32.41121172919362,0.0,1008.9854796888507,Parbhani,2020,11
2020-12-01,26.633689154568746,21.414444444444445,32.41121172919362,0.0,1008.9854796888507,Parbhani,2020,12
2021-01-01,24.5,18.9,30.8,0.0,1012.4,Parbhani,2021,1
2021-02-01,24.4,17.3,31.7,0.7,1013.4,Parbhani,2021,2
2021-03-01,29.3,21.6,36.7,0.0,1010.5,Parbhani,2021,3
2021-04-01,31.7,24.8,38.9,1.0,1008.3,Parbhani,2021,4
2021-05-01,32.3,27.1,38.2,13.0,1005.2,Parbhani,2021,5
2021-06-01,28.5,24.7,34.0,79.1,1005.0,Parbhani,2021,6
2021-07-01,27.1,24.1,31.3,230.2,1003.4,Parbhani,2021,7
2021-08-01,26.7,23.5,30.7,243.4,1005.6,Parbhani,2021,8
2021-09-01,25.4,22.8,29.2,368.8,1005.3,Parbhani,2021,9
2021-10-01,24.9,20.2,30.5,69.5,1009.6,Parbhani,2021,10
2021-11-01,24.5,19.4,30.3,40.8,1011.4,Parbhani,2021,11
2021-12-01,22.2,16.5,28.8,5.7,1014.9,Parbhani,2021,12
2022-01-01,20.7,15.0,27.2,7.4,1014.0,Parbhani,2022,1
2022-02-01,24.4,16.8,31.9,0.0,1011.6,Parbhani,2022,2
2022-03-01,29.7,21.8,37.4,0.0,1009.1,Parbhani,2022,3
2022-04-01,34.1,26.7,41.3,0.0,1006.5,Parbhani,2022,4
2022-05-01,34.4,28.1,40.7,0.0,1002.8,Parbhani,2022,5
2022-06-01,29.8,25.6,36.1,165.6,1003.7,Parbhani,2022,6
2022-07-01,25.3,23.0,28.9,458.1,1003.7,Parbhani,2022,7
2022-08-01,25.9,23.0,30.2,226.1,1004.2,Parbhani,2022,8
2022-09-01,25.5,22.5,30.0,218.1,1006.7,Parbhani,2022,9
2022-10-01,24.1,19.9,29.6,138.2,1010.9,Parbhani,2022,10
2022-11-01,22.5,16.0,29.3,0.0,1013.6,Parbhani,2022,11
2022-12-01,23.0,17.5,29.6,26.1,1013.2,Parbhani,2022,12
2023-01-01,22.0,15.6,28.9,0.1,1014.5,Parbhani,2023,1
2023-02-01,24.5,16.6,32.9,0.0,1013.7,Parbhani,2023,2
2023-03-01,26.5,19.5,33.8,9.2,1011.8,Parbhani,2023,3
2023-04-01,29.0,22.3,36.5,33.9,1009.4,Parbhani,2023,4
2023-05-01,32.2,25.8,38.9,0.7,1007.2,Parbhani,2023,5
2023-06-01,31.6,26.6,37.5,66.4,1004.5,Parbhani,2023,6
2023-07-01,26.4,23.9,30.9,311.1,1004.2,Parbhani,2023,7
2023-08-01,26.5,23.0,30.7,81.3,1007.2,Parbhani,2023,8
2023-09-01,26.0,23.1,30.1,165.7,1006.2,Parbhani,2023,9
2023-10-01,25.7,19.9,31.9,0.7,1012.0,Parbhani,2023,10
2023-11-01,24.5,19.0,30.4,53.6,1013.8,Parbhani,2023,11
2023-12-01,21.2,16.0,27.4,0.8,1014.9,Parbhani,2023,12
2024-01-01,22.5,16.7,29.3,6.4,1014.5,Parbhani,2024,1
2024-02-01,25.7,19.0,33.1,0.2,1014.1,Parbhani,2024,2
2024-03-01,29.3,21.9,37.0,0.0,1011.3,Parbhani,2024,3
2024-04-01,32.4,26.0,39.7,1.9,1008.0,Parbhani,2024,4
2024-05-01,33.9,27.5,41.3,8.2,1004.3,Parbhani,2024,5
2024-06-01,28.7,25.0,34.7,259.1,1004.0,Parbhani,2024,6
2024-07-01,26.0,23.9,29.7,443.3,1002.1,Parbhani,2024,7
2024-08-01,26.633689154568746,21.414444444444445,32.41121172919362,0.0,1008.9854796888507,Parbhani,2024,8
2024-09-01,26.633689154568746,21.414444444444445,32.41121172919362,0.0,1008.9854796888507,Parbhani,2024,9
2024-10-01,26.1,21.8,31.6,112.3,1010.2,Parbhani,2024,10
2024-11-01,23.2,17.4,29.3,0.0,1013.4,Parbhani,2024,11
2024-12-01,22.5,17.3,28.6,0.0,1013.4,Parbhani,2024,12
2025-01-01,22.9,16.4,30.3,0.0,1013.7,Parbhani,2025,1
2025-02-01,26.6,19.5,34.1,0.0,1013.1,Parbhani,2025,2
2025-03-01,26.633689154568746,21.414444444444445,32.41121172919362,0.0,1008.9854796888507,Parbhani,2025,3
2025-04-01,32.9,25.6,40.4,23.4,1007.0,Parbhani,2025,4
2025-05-01,30.6,25.3,36.5,102.9,1004.5,Parbhani,2025,5
2025-06-01,29.2,24.6,33.7,156.4,1003.3,Parbhani,2025,6
2025-07-01,27.0,23.7,30.6,230.1,1003.3,Parbhani,2025,7
2025-08-01,26.2,23.1,29.5,234.6,1005.6,Parbhani,2025,8
2025-09-01,25.0,22.4,29.0,341.3,1006.8,Parbhani,2025,9
2025-10-01,25.5,21.3,30.4,102.4,1009.9,Parbhani,2025,10
2025-11-01,21.7,16.1,28.0,4.0,1014.6,Parbhani,2025,11
2025-12-01,19.7,12.8,27.6,0.0,1015.5,Parbhani,2025,12
2020-01-01,21.3,13.3,29.2,0.0,1013.5,Pimpri Chinchwad,2020,1
2020-02-01,23.3,14.9,31.8,0.0,1012.8,Pimpri Chinchwad,2020,2
2020-03-01,25.4,16.8,34.1,13.0,1010.1,Pimpri Chinchwad,2020,3
2020-04-01,29.6,20.7,38.5,0.0,1007.8,Pimpri Chinchwad,2020,4
2020-05-01,30.9,23.1,38.7,35.0,1005.5,Pimpri Chinchwad,2020,5
2020-06-01,26.9,22.3,31.5,222.0,1003.5,Pimpri Chinchwad,2020,6
2020-07-01,26.4,22.4,30.4,120.0,1003.1,Pimpri Chinchwad,2020,7
2020-08-01,24.8,21.7,27.9,255.0,1003.6,Pimpri Chinchwad,2020,8
2020-09-01,26.5,21.8,30.7,198.0,1005.5,Pimpri Chinchwad,2020,9
2020-10-01,25.9,20.4,31.4,312.0,1007.6,Pimpri Chinchwad,2020,10
2020-11-01,23.6,16.2,31.0,5.0,1012.5,Pimpri Chinchwad,2020,11
2020-12-01,21.8,13.7,29.8,5.0,1012.9,Pimpri Chinchwad,2020,12
2021-01-01,23.3,15.7,31.0,37.0,1011.3,Pimpri Chinchwad,2021,1
2021-02-01,22.3,13.2,31.5,0.0,1012.5,Pimpri Chinchwad,2021,2
2021-03-01,26.6,16.7,36.5,5.0,1009.5,Pimpri Chinchwad,2021,3
2021-04-01,28.7,19.8,37.6,28.0,1007.8,Pimpri Chinchwad,2021,4
2021-05-01,29.0,22.7,35.3,89.0,1005.0,Pimpri Chinchwad,2021,5
2021-06-01,26.2,22.0,30.4,153.0,1005.5,Pimpri Chinchwad,2021,6
2021-07-01,25.6,22.1,29.3,193.0,1003.8,Pimpri Chinchwad,2021,7
2021-08-01,24.9,21.1,28.6,41.0,1006.1,Pimpri Chinchwad,2021,8
2021-09-01,25.1,21.4,28.9,84.0,1005.1,Pimpri Chinchwad,2021,9
2021-10-01,25.4,18.8,32.0,140.0,1008.8,Pimpri Chinchwad,2021,10
2021-11-01,24.6,18.0,31.1,16.0,1010.0,Pimpri Chinchwad,2021,11
2021-12-01,21.3,14.4,28.3,85.0,1014.4,Pimpri Chinchwad,2021,12
2022-01-01,20.3,12.4,28.3,0.0,1013.9,Pimpri Chinchwad,2022,1
2022-02-01,22.7,12.9,32.5,0.0,1010.9,Pimpri Chinchwad,2022,2
2022-03-01,27.2,17.9,36.5,1.0,1008.5,Pimpri Chinchwad,2022,3
2022-04-01,30.4,21.6,39.2,0.0,1006.4,Pimpri Chinchwad,2022,4
2022-05-01,30.2,23.4,37.0,1.0,1004.1,Pimpri Chinchwad,2022,5
2022-06-01,28.5,23.6,33.4,35.0,1003.5,Pimpri Chinchwad,2022,6
2022-07-01,24.9,22.0,27.8,386.0,1004.0,Pimpri Chinchwad,2022,7
2022-08-01,25.2,21.7,28.8,164.0,1004.1,Pimpri Chinchwad,2022,8
2022-09-01,25.7,21.6,29.8,232.0,1006.6,Pimpri Chinchwad,2022,9
2022-10-01,24.9,19.4,30.3,303.0,1010.4,Pimpri Chinchwad,2022,10
2022-11-01,22.4,13.7,31.0,0.0,1012.9,Pimpri Chinchwad,2022,11
2022-12-01,22.8,14.4,31.3,0.0,1011.9,Pimpri Chinchwad,2022,12
2023-01-01,21.5,12.0,30.9,0.0,1013.6,Pimpri Chinchwad,2023,1
2023-02-01,22.5,11.4,33.7,0.0,1013.1,Pimpri Chinchwad,2023,2
2023-03-01,24.6,15.7,33.4,10.0,1011.2,Pimpri Chinchwad,2023,3
2023-04-01,27.9,19.2,36.7,37.0,1007.9,Pimpri Chinchwad,2023,4
2023-05-01,29.9,22.7,37.2,19.0,1007.2,Pimpri Chinchwad,2023,5
2023-06-01,29.0,23.8,34.1,84.0,1005.0,Pimpri Chinchwad,2023,6
2023-07-01,25.2,22.4,28.1,155.0,1004.7,Pimpri Chinchwad,2023,7
2023-08-01,25.4,21.8,29.1,42.0,1007.7,Pimpri Chinchwad,2023,8
2023-09-01,25.7,21.7,29.7,166.0,1006.5,Pimpri Chinchwad,2023,9
2023-10-01,26.2,19.4,33.0,19.0,1011.3,Pimpri Chinchwad,2023,10
2023-11-01,24.3,17.3,31.3,33.0,1012.6,Pimpri Chinchwad,2023,11
2023-12-01,22.1,14.3,30.0,0.0,1013.5,Pimpri Chinchwad,2023,12
2024-01-01,22.1,13.5,30.7,2.0,1013.7,Pimpri Chinchwad,2024,1
2024-02-01,24.0,14.3,33.7,1.0,1013.3,Pimpri Chinchwad,2024,2
2024-03-01,26.7,16.8,36.5,2.0,1010.6,Pimpri Chinchwad,2024,3
2024-04-01,30.4,21.3,39.5,11.0,1006.4,Pimpri Chinchwad,2024,4
2024-05-01,30.6,23.5,37.7,95.0,1004.7,Pimpri Chinchwad,2024,5
2024-06-01,28.3,23.5,33.0,252.0,1003.5,Pimpri Chinchwad,2024,6
2024-07-01,25.5,22.7,28.3,394.0,1002.3,Pimpri Chinchwad,2024,7
2024-08-01,25.7,22.2,29.3,279.0,1005.6,Pimpri Chinchwad,2024,8
2024-09-01,25.5,21.5,29.6,208.0,1006.3,Pimpri Chinchwad,2024,9
2024-10-01,27.0,21.3,32.7,61.0,1008.9,Pimpri Chinchwad,2024,10
2024-11-01,22.7,14.8,30.6,0.0,1012.4,Pimpri Chinchwad,2024,11
2024-12-01,22.6,14.9,30.3,1.0,1012.2,Pimpri Chinchwad,2024,12
2025-01-01,22.7,13.9,31.5,0.0,1012.5,Pimpri Chinchwad,2025,1
2025-02-01,24.9,14.9,34.9,0.0,1012.1,Pimpri Chinchwad,2025,2
2025-03-01,27.5,17.5,37.5,0.0,1009.3,Pimpri Chinchwad,2025,3
2025-04-01,30.4,21.5,39.3,7.0,1006.5,Pimpri Chinchwad,2025,4
2025-05-01,28.3,22.7,33.8,250.0,1004.3,Pimpri Chinchwad,2025,5
2025-06-01,26.3,22.7,30.0,267.0,1003.6,Pimpri Chinchwad,2025,6
2025-07-01,25.2,22.2,28.3,130.0,1003.5,Pimpri Chinchwad,2025,7
2025-08-01,25.1,21.8,28.3,135.0,1005.6,Pimpri Chinchwad,2025,8
2025-09-01,24.6,21.1,28.1,317.0,1006.9,Pimpri Chinchwad,2025,9
2025-10-01,25.7,20.2,31.2,67.0,1008.7,Pimpri Chinchwad,2025,10
2025-11-01,22.4,14.8,30.1,3.0,1013.6,Pimpri Chinchwad,2025,11
2025-12-01,19.4,10.1,28.8,0.0,1014.7,Pimpri Chinchwad,2025,12
2020-01-01,21.3,13.3,29.2,0.0,1013.5,Pune,2020,1
2020-02-01,23.3,14.9,31.8,0.0,1012.8,Pune,2020,2
2020-03-01,25.4,16.8,34.1,13.0,1010.1,Pune,2020,3
2020-04-01,29.6,20.7,38.5,0.0,1007.8,Pune,2020,4
2020-05-01,30.9,23.1,38.7,35.0,1005.5,Pune,2020,5
2020-06-01,26.9,22.3,31.5,222.0,1003.5,Pune,2020,6
2020-07-01,26.4,22.4,30.4,120.0,1003.1,Pune,2020,7
2020-08-01,24.8,21.7,27.9,255.0,1003.6,Pune,2020,8
2020-09-01,26.5,21.8,30.7,198.0,1005.5,Pune,2020,9
2020-10-01,25.9,20.4,31.4,312.0,1007.6,Pune,2020,10
2020-11-01,23.6,16.2,31.0,5.0,1012.5,Pune,2020,11
2020-12-01,21.8,13.7,29.8,5.0,1012.9,Pune,2020,12
2021-01-01,23.3,15.7,31.0,37.0,1011.3,Pune,2021,1
2021-02-01,22.3,13.2,31.5,0.0,1012.5,Pune,2021,2
2021-03-01,26.6,16.7,36.5,5.0,1009.5,Pune,2021,3
2021-04-01,28.7,19.8,37.6,28.0,1007.8,Pune,2021,4
2021-05-01,29.0,22.7,35.3,89.0,1005.0,Pune,2021,5
2021-06-01,26.2,22.0,30.4,153.0,1005.5,Pune,2021,6
2021-07-01,25.6,22.1,29.3,193.0,1003.8,Pune,2021,7
2021-08-01,24.9,21.1,28.6,41.0,1006.1,Pune,2021,8
2021-09-01,25.1,21.4,28.9,84.0,1005.1,Pune,2021,9
2021-10-01,25.4,18.8,32.0,140.0,1008.8,Pune,2021,10
2021-11-01,24.6,18.0,31.1,16.0,1010.0,Pune,2021,11
2021-12-01,21.3,14.4,28.3,85.0,1014.4,Pune,2021,12
2022-01-01,20.3,12.4,28.3,0.0,1013.9,Pune,2022,1
2022-02-01,22.7,12.9,32.5,0.0,1010.9,Pune,2022,2
2022-03-01,27.2,17.9,36.5,1.0,1008.5,Pune,2022,3
2022-04-01,30.4,21.6,39.2,0.0,1006.4,Pune,2022,4
2022-05-01,30.2,23.4,37.0,1.0,1004.1,Pune,2022,5
2022-06-01,28.5,23.6,33.4,35.0,1003.5,Pune,2022,6
2022-07-01,24.9,22.0,27.8,386.0,1004.0,Pune,2022,7
2022-08-01,25.2,21.7,28.8,164.0,1004.1,Pune,2022,8
2022-09-01,25.7,21.6,29.8,232.0,1006.6,Pune,2022,9
2022-10-01,24.9,19.4,30.3,303.0,1010.4,Pune,2022,10
2022-11-01,22.4,13.7,31.0,0.0,1012.9,Pune,2022,11
2022-12-01,22.8,14.4,31.3,0.0,1011.9,Pune,2022,12
2023-01-01,21.5,12.0,30.9,0.0,1013.6,Pune,2023,1
2023-02-01,22.5,11.4,33.7,0.0,1013.1,Pune,2023,2
2023-03-01,24.6,15.7,33.4,10.0,1011.2,Pune,2023,3
2023-04-01,27.9,19.2,36.7,37.0,1007.9,Pune,2023,4
2023-05-01,29.9,22.7,37.2,19.0,1007.2,Pune,2023,5
2023-06-01,29.0,23.8,34.1,84.0,1005.0,Pune,2023,6
2023-07-01,25.2,22.4,28.1,155.0,1004.7,Pune,2023,7
2023-08-01,25.4,21.8,29.1,42.0,1007.7,Pune,2023,8
2023-09-01,25.7,21.7,29.7,166.0,1006.5,Pune,2023,9
2023-10-01,26.2,19.4,33.0,19.0,1011.3,Pune,2023,10
2023-11-01,24.3,17.3,31.3,33.0,1012.6,Pune,2023,11
2023-12-01,22.1,14.3,30.0,0.0,1013.5,Pune,2023,12
2024-01-01,22.1,13.5,30.7,2.0,1013.7,Pune,2024,1
2024-02-01,24.0,14.3,33.7,1.0,1013.3,Pune,2024,2
2024-03-01,26.7,16.8,36.5,2.0,1010.6,Pune,2024,3
2024-04-01,30.4,21.3,39.5,11.0,1006.4,Pune,2024,4
2024-05-01,30.6,23.5,37.7,95.0,1004.7,Pune,2024,5
2024-06-01,28.3,23.5,33.0,252.0,1003.5,Pune,2024,6
2024-07-01,25.5,22.7,28.3,394.0,1002.3,Pune,2024,7
2024-08-01,25.7,22.2,29.3,279.0,1005.6,Pune,2024,8
2024-09-01,25.5,21.5,29.6,208.0,1006.3,Pune,2024,9
2024-10-01,27.0,21.3,32.7,61.0,1008.9,Pune,2024,10
2024-11-01,22.7,14.8,30.6,0.0,1012.4,Pune,2024,11
2024-12-01,22.6,14.9,30.3,1.0,1012.2,Pune,2024,12
2025-01-01,22.7,13.9,31.5,0.0,1012.5,Pune,2025,1
2025-02-01,24.9,14.9,34.9,0.0,1012.1,Pune,2025,2
2025-03-01,27.5,17.5,37.5,0.0,1009.3,Pune,2025,3
2025-04-01,30.4,21.5,39.3,7.0,1006.5,Pune,2025,4
2025-05-01,28.3,22.7,33.8,250.0,1004.3,Pune,2025,5
2025-06-01,26.3,22.7,30.0,267.0,1003.6,Pune,2025,6
2025-07-01,25.2,22.2,28.3,130.0,1003.5,Pune,2025,7
2025-08-01,25.1,21.8,28.3,135.0,1005.6,Pune,2025,8
2025-09-01,24.6,21.1,28.1,317.0,1006.9,Pune,2025,9
2025-10-01,25.7,20.2,31.2,67.0,1008.7,Pune,2025,10
2025-11-01,22.4,14.8,30.1,3.0,1013.6,Pune,2025,11
2025-12-01,19.4,10.1,28.8,0.0,1014.7,Pune,2025,12
2020-01-01,26.633689154568746,21.414444444444445,32.41121172919362,0.0,1008.9854796888507,Sangli,2020,1
2020-02-01,26.633689154568746,21.414444444444445,32.41121172919362,0.0,1008.9854796888507,Sangli,2020,2
2020-03-01,26.633689154568746,21.414444444444445,32.41121172919362,0.0,1008.9854796888507,Sangli,2020,3
2020-04-01,26.633689154568746,21.414444444444445,32.41121172919362,0.0,1008.9854796888507,Sangli,2020,4
2020-05-01,26.633689154568746,21.414444444444445,32.41121172919362,0.0,1008.9854796888507,Sangli,2020,5
2020-06-01,27.1,22.8,32.41121172919362,0.0,1008.9854796888507,Sangli,2020,6
2020-07-01,26.1,22.5,32.41121172919362,0.0,1008.9854796888507,Sangli,2020,7
2020-08-01,25.5,21.8,32.41121172919362,438.0,1008.9854796888507,Sangli,2020,8
2020-09-01,26.633689154568746,21.414444444444445,32.41121172919362,0.0,1008.9854796888507,Sangli,2020,9
2020-10-01,26.633689154568746,21.414444444444445,32.41121172919362,0.0,1008.9854796888507,Sangli,2020,10
2020-11-01,26.633689154568746,21.414444444444445,32.41121172919362,0.0,1008.9854796888507,Sangli,2020,11
2020-12-01,26.633689154568746,21.414444444444445,32.41121172919362,0.0,1008.9854796888507,Sangli,2020,12
2021-01-01,23.4,18.1,29.7,0.0,1012.2,Sangli,2021,1
2021-02-01,24.1,17.6,31.3,1.5,1013.1,Sangli,2021,2
2021-03-01,28.5,21.2,36.1,0.1,1010.8,Sangli,2021,3
2021-04-01,29.2,22.4,36.9,12.1,1009.8,Sangli,2021,4
2021-05-01,27.3,23.2,33.5,77.9,1007.5,Sangli,2021,5
2021-06-01,24.5,21.9,28.8,248.5,1008.1,Sangli,2021,6
2021-07-01,24.0,22.0,27.2,324.3,1006.7,Sangli,2021,7
2021-08-01,24.0,21.4,28.0,67.7,1008.5,Sangli,2021,8
2021-09-01,23.7,21.4,27.4,218.2,1007.8,Sangli,2021,9
2021-10-01,24.7,20.3,30.2,108.7,1010.0,Sangli,2021,10
2021-11-01,23.8,20.1,29.9,103.0,1010.9,Sangli,2021,11
2021-12-01,21.8,16.6,28.5,27.3,1014.2,Sangli,2021,12
2022-01-01,21.4,15.2,29.2,0.5,1013.1,Sangli,2022,1
2022-02-01,24.6,17.0,33.2,0.0,1011.2,Sangli,2022,2
2022-03-01,28.5,21.2,36.5,9.1,1009.4,Sangli,2022,3
2022-04-01,30.4,23.0,38.0,72.1,1008.3,Sangli,2022,4
2022-05-01,28.5,22.8,36.0,0.0,1006.0,Sangli,2022,5
2022-06-01,28.0,22.7,32.6,67.0,1006.3,Sangli,2022,6
2022-07-01,25.2,21.7,27.5,205.5,1006.4,Sangli,2022,7
2022-08-01,25.2,21.6,28.2,164.0,1006.4,Sangli,2022,8
2022-09-01,25.3,21.2,29.5,137.4,1008.3,Sangli,2022,9
2022-10-01,24.2,19.4,29.6,222.1,1011.2,Sangli,2022,10
2022-11-01,24.1,18.7,30.4,2.5,1012.5,Sangli,2022,11
2022-12-01,23.3,17.8,30.4,24.1,1012.4,Sangli,2022,12
2023-01-01,22.6,16.0,30.4,0.9,1013.6,Sangli,2023,1
2023-02-01,25.8,18.4,34.0,0.0,1012.9,Sangli,2023,2
2023-03-01,26.5,19.0,34.4,9.9,1011.6,Sangli,2023,3
2023-04-01,29.6,21.9,37.0,14.2,1009.4,Sangli,2023,4
2023-05-01,29.9,23.0,37.4,19.1,1009.1,Sangli,2023,5
2023-06-01,28.1,23.2,34.0,64.7,1007.4,Sangli,2023,6
2023-07-01,25.4,22.3,27.9,209.7,1007.4,Sangli,2023,7
2023-08-01,25.9,21.7,29.9,73.8,1009.6,Sangli,2023,8
2023-09-01,25.2,21.8,29.8,129.1,1008.4,Sangli,2023,9
2023-10-01,26.1,20.8,31.8,44.7,1012.1,Sangli,2023,10
2023-11-01,24.7,20.2,30.2,54.7,1013.1,Sangli,2023,11
2023-12-01,23.3,18.2,29.4,0.7,1013.8,Sangli,2023,12
2024-01-01,23.5,17.4,30.3,3.6,1013.9,Sangli,2024,1
2024-02-01,26.0,18.8,34.0,0.0,1013.7,Sangli,2024,2
2024-03-01,29.2,21.7,37.2,0.0,1011.6,Sangli,2024,3
2024-04-01,31.8,25.3,39.7,16.9,1008.3,Sangli,2024,4
2024-05-01,29.9,24.0,38.2,43.0,1006.6,Sangli,2024,5
2024-06-01,25.6,22.9,30.3,339.2,1006.6,Sangli,2024,6
2024-07-01,24.0,22.4,26.9,280.0,1005.4,Sangli,2024,7
2024-08-01,25.5,22.1,32.41121172919362,242.5,1008.9854796888507,Sangli,2024,8
2024-09-01,25.5,21.6,32.41121172919362,123.3,1008.9854796888507,Sangli,2024,9
2024-10-01,24.3,20.3,29.5,181.0,1010.6,Sangli,2024,10
2024-11-01,23.7,18.4,29.8,23.5,1012.7,Sangli,2024,11
2024-12-01,23.9,18.5,30.3,0.0,1012.6,Sangli,2024,12
2025-01-01,24.2,17.9,31.0,0.0,1013.0,Sangli,2025,1
2025-02-01,26.7,19.5,34.3,0.0,1012.9,Sangli,2025,2
2025-03-01,26.633689154568746,21.414444444444445,32.41121172919362,0.0,1008.9854796888507,Sangli,2025,3
2025-04-01,30.0,23.0,38.8,10.7,1008.8,Sangli,2025,4
2025-05-01,26.9,22.4,33.1,293.1,1006.3,Sangli,2025,5
2025-06-01,26.3,22.5,29.8,122.2,1006.3,Sangli,2025,6
2025-07-01,25.7,22.2,28.4,108.9,1006.3,Sangli,2025,7
2025-08-01,24.9,21.6,27.9,166.9,1008.0,Sangli,2025,8
2025-09-01,23.4,21.0,27.3,211.0,1009.1,Sangli,2025,9
2025-10-01,24.4,20.9,29.3,133.8,1010.3,Sangli,2025,10
2025-11-01,23.0,17.8,29.0,6.0,1014.0,Sangli,2025,11
2025-12-01,21.5,15.6,28.4,0.4,1014.4,Sangli,2025,12
2020-01-01,21.3,13.3,29.2,0.0,1013.5,Satara,2020,1
2020-02-01,23.3,14.9,31.8,0.0,1012.8,Satara,2020,2
2020-03-01,25.4,16.8,34.1,13.0,1010.1,Satara,2020,3
2020-04-01,29.6,20.7,38.5,0.0,1007.8,Satara,2020,4
2020-05-01,30.9,23.1,38.7,35.0,1005.5,Satara,2020,5
2020-06-01,26.9,22.3,31.5,222.0,1003.5,Satara,2020,6
2020-07-01,26.4,22.4,30.4,120.0,1003.1,Satara,2020,7
2020-08-01,24.8,21.7,27.9,255.0,1003.6,Satara,2020,8
2020-09-01,26.5,21.8,30.7,198.0,1005.5,Satara,2020,9
2020-10-01,25.9,20.4,31.4,312.0,1007.6,Satara,2020,10
2020-11-01,23.6,16.2,31.0,5.0,1012.5,Satara,2020,11
2020-12-01,21.8,13.7,29.8,5.0,1012.9,Satara,2020,12
2021-01-01,22.6,17.3,29.1,37.0,1012.5,Satara,2021,1
2021-02-01,22.4,15.9,29.6,2.9,1013.6,Satara,2021,2
2021-03-01,26.5,19.4,34.2,0.1,1011.4,Satara,2021,3
2021-04-01,27.8,20.8,35.9,4.8,1010.2,Satara,2021,4
2021-05-01,26.4,22.0,32.2,86.7,1007.6,Satara,2021,5
2021-06-01,23.9,21.5,27.6,232.1,1008.0,Satara,2021,6
2021-07-01,23.7,21.8,26.7,262.7,1006.4,Satara,2021,7
2021-08-01,23.3,20.6,27.2,82.4,1008.4,Satara,2021,8
2021-09-01,23.3,20.9,26.9,153.9,1007.6,Satara,2021,9
2021-10-01,23.8,19.1,29.5,85.9,1010.4,Satara,2021,10
2021-11-01,23.2,18.9,28.6,69.6,1011.3,Satara,2021,11
2021-12-01,20.3,15.2,26.8,21.5,1014.9,Satara,2021,12
2022-01-01,19.4,13.4,26.7,2.4,1013.9,Satara,2022,1
2022-02-01,22.3,15.0,30.6,0.0,1012.0,Satara,2022,2
2022-03-01,26.9,19.9,34.9,0.0,1010.1,Satara,2022,3
2022-04-01,28.9,21.5,37.7,2.1,1008.8,Satara,2022,4
2022-05-01,27.3,21.5,34.6,1.0,1006.5,Satara,2022,5
2022-06-01,25.2,22.0,30.3,126.5,1006.5,Satara,2022,6
2022-07-01,23.1,21.3,26.1,317.4,1006.5,Satara,2022,7
2022-08-01,23.4,21.1,26.8,223.4,1006.5,Satara,2022,8
2022-09-01,23.1,20.4,27.3,196.5,1008.6,Satara,2022,9
2022-10-01,22.3,18.2,27.6,143.9,1011.8,Satara,2022,10
2022-11-01,22.2,16.6,28.6,1.7,1013.4,Satara,2022,11
2022-12-01,22.0,16.4,28.6,18.8,1013.1,Satara,2022,12
2023-01-01,21.1,14.6,28.7,0.0,1014.3,Satara,2023,1
2023-02-01,23.7,16.0,32.2,0.0,1013.8,Satara,2023,2
2023-03-01,24.7,17.3,33.0,2.8,1012.4,Satara,2023,3
2023-04-01,27.0,20.2,34.9,12.0,1010.2,Satara,2023,4
2023-05-01,27.2,20.8,34.8,15.2,1009.8,Satara,2023,5
2023-06-01,26.3,22.3,31.6,86.2,1007.8,Satara,2023,6
2023-07-01,23.7,22.2,26.1,268.7,1007.4,Satara,2023,7
2023-08-01,23.9,21.1,27.8,40.6,1009.9,Satara,2023,8
2023-09-01,24.1,21.0,28.8,205.8,1008.6,Satara,2023,9
2023-10-01,24.3,18.7,30.5,57.6,1012.7,Satara,2023,10
2023-11-01,23.3,18.0,29.4,31.8,1013.6,Satara,2023,11
2023-12-01,21.4,15.6,28.1,0.2,1014.3,Satara,2023,12
2024-01-01,21.3,15.0,29.0,1.1,1014.4,Satara,2024,1
2024-02-01,23.5,16.2,32.2,0.0,1014.4,Satara,2024,2
2024-03-01,26.7,19.1,35.4,0.3,1012.3,Satara,2024,3
2024-04-01,30.3,23.3,38.6,1.0,1008.8,Satara,2024,4
2024-05-01,28.6,22.3,37.0,24.8,1007.0,Satara,2024,5
2024-06-01,25.3,22.7,29.8,266.3,1006.5,Satara,2024,6
2024-07-01,23.7,22.3,25.9,326.3,1005.1,Satara,2024,7
2024-08-01,25.7,22.2,29.3,279.0,1005.6,Satara,2024,8
2024-09-01,25.5,21.5,29.6,208.0,1006.3,Satara,2024,9
2024-10-01,23.8,19.8,29.3,177.9,1011.0,Satara,2024,10
2024-11-01,21.6,16.0,28.0,13.1,1013.3,Satara,2024,11
2024-12-01,21.4,16.2,28.1,1.0,1013.1,Satara,2024,12
2025-01-01,21.5,15.2,29.1,0.0,1013.5,Satara,2025,1
2025-02-01,24.6,17.3,32.9,0.0,1013.4,Satara,2025,2
2025-03-01,27.5,17.5,37.5,0.0,1009.3,Satara,2025,3
2025-04-01,28.8,20.9,38.5,0.9,1009.0,Satara,2025,4
2025-05-01,26.2,21.8,32.7,338.6,1006.6,Satara,2025,5
2025-06-01,24.3,21.8,28.1,238.6,1006.3,Satara,2025,6
2025-07-01,23.4,21.8,26.0,146.7,1006.3,Satara,2025,7
2025-08-01,23.3,21.4,26.5,225.1,1008.0,Satara,2025,8
2025-09-01,23.0,20.4,26.8,175.8,1009.1,Satara,2025,9
2025-10-01,23.4,19.6,28.2,117.2,1010.6,Satara,2025,10
2025-11-01,21.1,15.4,27.7,4.2,1014.5,Satara,2025,11
2025-12-01,19.9,13.2,27.9,0.2,1014.9,Satara,2025,12
2020-01-01,26.633689154568746,21.414444444444445,32.41121172919362,0.0,1008.9854796888507,Solapur,2020,1
2020-02-01,26.633689154568746,21.414444444444445,32.41121172919362,0.0,1008.9854796888507,Solapur,2020,2
2020-03-01,26.633689154568746,21.414444444444445,32.41121172919362,0.0,1008.9854796888507,Solapur,2020,3
2020-04-01,26.633689154568746,21.414444444444445,32.41121172919362,0.0,1008.9854796888507,Solapur,2020,4
2020-05-01,26.633689154568746,21.414444444444445,32.41121172919362,0.0,1008.9854796888507,Solapur,2020,5
2020-06-01,26.633689154568746,21.414444444444445,32.41121172919362,0.0,1008.9854796888507,Solapur,2020,6
2020-07-01,26.633689154568746,21.414444444444445,32.41121172919362,0.0,1008.9854796888507,Solapur,2020,7
2020-08-01,26.633689154568746,21.414444444444445,32.41121172919362,0.0,1008.9854796888507,Solapur,2020,8
2020-09-01,26.633689154568746,21.414444444444445,32.41121172919362,0.0,1008.9854796888507,Solapur,2020,9
2020-10-01,26.633689154568746,21.414444444444445,32.41121172919362,0.0,1008.9854796888507,Solapur,2020,10
2020-11-01,26.633689154568746,21.414444444444445,32.41121172919362,0.0,1008.9854796888507,Solapur,2020,11
2020-12-01,26.633689154568746,21.414444444444445,32.41121172919362,0.0,1008.9854796888507,Solapur,2020,12
2021-01-01,26.1,20.5,32.3,0.0,1011.7,Solapur,2021,1
2021-02-01,26.2,19.5,32.8,0.4,1012.7,Solapur,2021,2
2021-03-01,30.6,23.3,37.2,2.0,1010.0,Solapur,2021,3
2021-04-01,32.1,25.4,38.2,1.2,1008.3,Solapur,2021,4
2021-05-01,30.6,24.5,37.0,107.1,1005.8,Solapur,2021,5
2021-06-01,27.0,22.5,32.5,183.2,1006.2,Solapur,2021,6
2021-07-01,26.2,22.1,30.6,148.6,1004.7,Solapur,2021,7
2021-08-01,26.7,21.9,31.0,85.1,1006.5,Solapur,2021,8
2021-09-01,26.1,21.4,30.6,267.2,1006.0,Solapur,2021,9
2021-10-01,26.7,20.8,32.8,41.7,1009.2,Solapur,2021,10
2021-11-01,26.0,20.4,31.5,74.6,1010.5,Solapur,2021,11
2021-12-01,23.8,17.9,30.0,12.8,1014.1,Solapur,2021,12
2022-01-01,23.6,17.6,30.0,0.4,1013.0,Solapur,2022,1
2022-02-01,26.6,20.1,33.1,0.0,1011.0,Solapur,2022,2
2022-03-01,30.9,24.0,37.5,0.8,1008.6,Solapur,2022,3
2022-04-01,33.7,27.2,40.2,25.9,1006.8,Solapur,2022,4
2022-05-01,32.2,26.2,38.6,0.0,1003.7,Solapur,2022,5
2022-06-01,28.7,24.4,35.0,97.1,1004.6,Solapur,2022,6
2022-07-01,25.5,22.6,29.7,307.4,1004.9,Solapur,2022,7
2022-08-01,25.8,22.5,30.6,201.3,1005.0,Solapur,2022,8
2022-09-01,25.7,22.0,31.0,262.6,1007.2,Solapur,2022,9
2022-10-01,25.0,20.3,30.9,165.4,1010.6,Solapur,2022,10
2022-11-01,25.5,19.1,32.2,0.0,1012.6,Solapur,2022,11
2022-12-01,25.1,19.2,31.8,2.9,1012.4,Solapur,2022,12
2023-01-01,24.8,18.6,31.6,0.2,1013.6,Solapur,2023,1
2023-02-01,27.3,19.5,34.6,0.0,1012.9,Solapur,2023,2
2023-03-01,28.7,22.1,35.0,0.4,1011.1,Solapur,2023,3
2023-04-01,31.3,24.0,37.9,39.6,1008.7,Solapur,2023,4
2023-05-01,32.8,26.3,39.2,7.7,1007.3,Solapur,2023,5
2023-06-01,31.0,25.7,37.0,71.7,1005.5,Solapur,2023,6
2023-07-01,25.7,22.3,30.0,363.8,1005.6,Solapur,2023,7
2023-08-01,27.3,22.3,32.3,53.3,1008.1,Solapur,2023,8
2023-09-01,27.1,22.3,31.9,194.2,1006.8,Solapur,2023,9
2023-10-01,27.3,21.3,34.0,63.0,1011.6,Solapur,2023,10
2023-11-01,26.6,21.2,32.1,177.6,1012.9,Solapur,2023,11
2023-12-01,23.4,18.2,30.0,0.1,1014.0,Solapur,2023,12
2024-01-01,25.1,19.2,31.9,1.0,1013.7,Solapur,2024,1
2024-02-01,28.2,21.7,34.9,0.0,1013.3,Solapur,2024,2
2024-03-01,31.7,24.9,38.0,0.0,1010.7,Solapur,2024,3
2024-04-01,33.7,27.1,40.3,36.6,1007.2,Solapur,2024,4
2024-05-01,32.9,26.3,40.1,45.9,1004.8,Solapur,2024,5
2024-06-01,27.4,23.9,32.8,368.3,1005.0,Solapur,2024,6
2024-07-01,26.7,23.0,30.3,212.4,1003.6,Solapur,2024,7
2024-08-01,26.7,23.0,32.41121172919362,0.0,1008.9854796888507,Solapur,2024,8
2024-09-01,26.4,22.1,32.41121172919362,218.2,1007.1,Solapur,2024,9
2024-10-01,26.6,22.0,32.9,112.3,1009.8,Solapur,2024,10
2024-11-01,24.8,19.1,31.8,5.8,1012.5,Solapur,2024,11
2024-12-01,24.4,19.0,31.2,0.0,1012.4,Solapur,2024,12
2025-01-01,24.3,17.9,32.2,0.0,1013.1,Solapur,2025,1
2025-02-01,27.7,20.5,35.3,0.0,1012.6,Solapur,2025,2
2025-03-01,26.633689154568746,21.414444444444445,32.41121172919362,0.0,1008.9854796888507,Solapur,2025,3
2025-04-01,33.1,26.1,40.5,6.3,1007.0,Solapur,2025,4
2025-05-01,29.3,24.4,35.5,222.7,1004.8,Solapur,2025,5
2025-06-01,27.5,23.8,32.8,82.9,1004.6,Solapur,2025,6
2025-07-01,26.9,23.3,31.7,200.6,1004.6,Solapur,2025,7
2025-08-01,25.7,22.3,30.3,355.4,1006.7,Solapur,2025,8
2025-09-01,24.9,21.7,29.8,321.4,1008.0,Solapur,2025,9
2025-10-01,25.8,21.4,32.3,119.5,1010.3,Solapur,2025,10
2025-11-01,25.0,18.8,32.5,6.0,1014.1,Solapur,2025,11
2025-12-01,23.2,16.0,32.0,0.0,1015.0,Solapur,2025,12
2020-01-01,24.9,19.2,29.9,0.0,1013.4,Thane,2020,1
2020-02-01,27.3,21.0,32.6,0.0,1012.7,Thane,2020,2
2020-03-01,27.7,22.6,31.9,0.0,1011.2,Thane,2020,3
2020-04-01,30.2,26.4,33.9,0.0,1009.6,Thane,2020,4
2020-05-01,31.1,28.6,34.0,0.0,1007.3,Thane,2020,5
2020-06-01,29.2,26.0,32.3,525.0,1003.7,Thane,2020,6
2020-07-01,28.1,25.4,30.5,1501.9,1003.2,Thane,2020,7
2020-08-01,27.6,25.0,29.6,826.5,1003.3,Thane,2020,8
2020-09-01,28.4,25.3,31.4,320.0,1005.6,Thane,2020,9
2020-10-01,29.2,25.6,32.7,224.0,1007.3,Thane,2020,10
2020-11-01,28.7,23.1,33.9,0.0,1011.8,Thane,2020,11
2020-12-01,26.6,20.8,32.3,25.0,1012.0,Thane,2020,12
2021-01-01,25.9,20.5,30.9,1.0,1011.1,Thane,2021,1
2021-02-01,27.3,21.4,32.9,0.0,1012.1,Thane,2021,2
2021-03-01,29.7,23.9,35.0,0.0,1010.0,Thane,2021,3
2021-04-01,30.0,26.2,33.6,0.0,1009.1,Thane,2021,4
2021-05-01,30.7,27.8,33.8,154.4,1005.5,Thane,2021,5
2021-06-01,28.6,25.5,31.5,317.0,1005.3,Thane,2021,6
2021-07-01,28.6,25.7,30.8,773.9,1003.8,Thane,2021,7
2021-08-01,27.8,25.1,30.0,295.1,1006.3,Thane,2021,8
2021-09-01,27.7,24.8,30.1,436.9,1005.1,Thane,2021,9
2021-10-01,29.4,25.2,33.5,31.8,1008.6,Thane,2021,10
2021-11-01,29.5,25.0,34.1,50.1,1009.2,Thane,2021,11
2021-12-01,25.8,21.0,30.6,103.3,1013.3,Thane,2021,12
2022-01-01,24.5,19.3,29.3,9.6,1012.9,Thane,2022,1
2022-02-01,25.3,19.3,30.5,0.0,1011.3,Thane,2022,2
2022-03-01,30.0,24.7,34.9,0.1,1008.9,Thane,2022,3
2022-04-01,30.6,26.8,34.5,0.0,1008.0,Thane,2022,4
2022-05-01,30.9,28.8,34.0,7.0,1005.7,Thane,2022,5
2022-06-01,29.3,26.6,32.9,298.3,1004.4,Thane,2022,6
2022-07-01,27.8,25.3,29.8,1185.2,1004.0,Thane,2022,7
2022-08-01,27.7,25.1,30.3,550.9,1004.2,Thane,2022,8
2022-09-01,27.5,24.7,30.2,528.4,1006.6,Thane,2022,9
2022-10-01,28.4,24.5,32.4,165.5,1009.8,Thane,2022,10
2022-11-01,27.9,21.9,33.6,0.0,1011.7,Thane,2022,11
2022-12-01,27.3,21.8,32.5,6.2,1011.4,Thane,2022,12
2023-01-01,24.4,18.7,29.5,0.0,1013.4,Thane,2023,1
2023-02-01,28.1,20.6,34.2,0.0,1012.4,Thane,2023,2
2023-03-01,28.9,23.6,33.5,21.0,1011.2,Thane,2023,3
2023-04-01,30.0,25.8,33.8,15.3,1009.0,Thane,2023,4
2023-05-01,30.8,28.3,33.6,0.6,1008.8,Thane,2023,5
2023-06-01,30.4,27.8,33.7,561.1,1005.7,Thane,2023,6
2023-07-01,27.8,25.3,29.4,1768.9,1004.7,Thane,2023,7
2023-08-01,28.6,26.3,30.8,187.3,1007.9,Thane,2023,8
2023-09-01,28.2,25.2,31.0,483.8,1006.6,Thane,2023,9
2023-10-01,30.2,25.8,34.5,13.0,1011.0,Thane,2023,10
2023-11-01,29.4,24.3,34.4,7.1,1011.7,Thane,2023,11
2023-12-01,27.9,22.8,32.9,0.0,1012.3,Thane,2023,12
2024-01-01,26.3,19.9,31.3,1.1,1013.2,Thane,2024,1
2024-02-01,27.1,20.6,32.6,0.0,1013.5,Thane,2024,2
2024-03-01,28.3,23.2,32.8,0.1,1011.9,Thane,2024,3
2024-04-01,30.7,26.6,34.7,0.0,1008.2,Thane,2024,4
2024-05-01,31.1,28.6,34.2,1.4,1005.9,Thane,2024,5
2024-06-01,29.7,27.2,33.2,351.3,1004.0,Thane,2024,6
2024-07-01,27.5,25.3,29.8,1663.8,1002.1,Thane,2024,7
2024-08-01,28.2,26.3,30.9,390.5,1005.7,Thane,2024,8
2024-09-01,27.7,25.2,30.6,659.3,1006.5,Thane,2024,9
2024-10-01,29.3,25.6,33.3,112.0,1008.8,Thane,2024,10
2024-11-01,28.4,22.6,34.1,0.5,1011.2,Thane,2024,11
2024-12-01,26.2,20.6,32.0,0.0,1011.7,Thane,2024,12
2025-01-01,26.2,20.0,32.2,0.0,1011.9,Thane,2025,1
2025-02-01,28.0,21.2,34.0,0.0,1012.2,Thane,2025,2
2025-03-01,29.3,24.2,34.4,0.0,1010.0,Thane,2025,3
2025-04-01,30.2,26.7,34.1,0.0,1008.2,Thane,2025,4
2025-05-01,29.5,25.8,32.9,237.0,1005.0,Thane,2025,5
2025-06-01,28.6,26.2,31.4,510.9,1003.6,Thane,2025,6
2025-07-01,28.1,26.0,30.0,801.7,1003.5,Thane,2025,7
2025-08-01,27.4,25.5,29.5,1098.0,1005.7,Thane,2025,8
2025-09-01,27.0,25.4,29.0,480.7,1007.2,Thane,2025,9
2025-10-01,29.1,26.3,32.8,170.2,1008.0,Thane,2025,10
2025-11-01,27.8,24.3,32.0,9.2,1012.5,Thane,2025,11
2025-12-01,27.0,22.8,32.1,0.0,1012.9,Thane,2025,12
2020-01-01,24.9,19.2,29.9,0.0,1013.4,Ulhasnagar,2020,1
2020-02-01,27.3,21.0,32.6,0.0,1012.7,Ulhasnagar,2020,2
2020-03-01,27.7,22.6,31.9,0.0,1011.2,Ulhasnagar,2020,3
2020-04-01,30.2,26.4,33.9,0.0,1009.6,Ulhasnagar,2020,4
2020-05-01,31.1,28.6,34.0,0.0,1007.3,Ulhasnagar,2020,5
2020-06-01,29.2,26.0,32.3,525.0,1003.7,Ulhasnagar,2020,6
2020-07-01,28.1,25.4,30.5,1501.9,1003.2,Ulhasnagar,2020,7
2020-08-01,27.6,25.0,29.6,826.5,1003.3,Ulhasnagar,2020,8
2020-09-01,28.4,25.3,31.4,320.0,1005.6,Ulhasnagar,2020,9
2020-10-01,29.2,25.6,32.7,224.0,1007.3,Ulhasnagar,2020,10
2020-11-01,28.7,23.1,33.9,0.0,1011.8,Ulhasnagar,2020,11
2020-12-01,26.6,20.8,32.3,25.0,1012.0,Ulhasnagar,2020,12
2021-01-01,25.9,20.5,30.9,1.0,1011.1,Ulhasnagar,2021,1
2021-02-01,27.3,21.4,32.9,0.0,1012.1,Ulhasnagar,2021,2
2021-03-01,29.7,23.9,35.0,0.0,1010.0,Ulhasnagar,2021,3
2021-04-01,30.0,26.2,33.6,0.0,1009.1,Ulhasnagar,2021,4
2021-05-01,30.7,27.8,33.8,154.4,1005.5,Ulhasnagar,2021,5
2021-06-01,28.6,25.5,31.5,317.0,1005.3,Ulhasnagar,2021,6
2021-07-01,28.6,25.7,30.8,773.9,1003.8,Ulhasnagar,2021,7
2021-08-01,25.0,21.4,28.0,336.1,1007.2,Ulhasnagar,2021,8
2021-09-01,25.0,21.6,28.0,406.3,1006.1,Ulhasnagar,2021,9
2021-10-01,26.4,21.8,32.5,109.0,1009.0,Ulhasnagar,2021,10
2021-11-01,26.9,21.8,33.9,45.5,1009.5,Ulhasnagar,2021,11
2021-12-01,23.5,17.9,30.4,152.0,1013.5,Ulhasnagar,2021,12
2022-01-01,22.2,15.9,29.8,5.6,1013.0,Ulhasnagar,2022,1
2022-02-01,24.4,17.3,33.4,0.0,1011.4,Ulhasnagar,2022,2
2022-03-01,29.5,22.2,38.7,0.0,1008.9,Ulhasnagar,2022,3
2022-04-01,30.2,23.2,39.8,0.1,1007.9,Ulhasnagar,2022,4
2022-05-01,29.9,23.9,36.7,7.0,1005.8,Ulhasnagar,2022,5
2022-06-01,27.4,23.1,32.8,342.5,1005.1,Ulhasnagar,2022,6
2022-07-01,24.6,21.7,27.1,802.7,1005.2,Ulhasnagar,2022,7
2022-08-01,25.0,21.6,28.1,590.9,1005.1,Ulhasnagar,2022,8
2022-09-01,24.8,21.9,28.7,419.0,1007.4,Ulhasnagar,2022,9
2022-10-01,25.1,21.0,30.7,158.2,1010.4,Ulhasnagar,2022,10
2022-11-01,25.5,19.2,33.0,0.0,1011.8,Ulhasnagar,2022,11
2022-12-01,25.9,19.7,33.5,3.2,1011.5,Ulhasnagar,2022,12
2023-01-01,23.4,17.0,31.9,0.6,1013.4,Ulhasnagar,2023,1
2023-02-01,26.9,18.9,36.2,0.0,1012.4,Ulhasnagar,2023,2
2023-03-01,27.2,20.8,35.5,4.6,1011.4,Ulhasnagar,2023,3
2023-04-01,29.6,23.2,38.1,0.5,1009.2,Ulhasnagar,2023,4
2023-05-01,29.9,24.4,37.5,12.2,1009.0,Ulhasnagar,2023,5
2023-06-01,28.3,23.8,33.2,278.9,1006.3,Ulhasnagar,2023,6
2023-07-01,24.9,22.0,27.6,827.3,1005.9,Ulhasnagar,2023,7
2023-08-01,25.4,21.7,28.9,183.6,1008.6,Ulhasnagar,2023,8
2023-09-01,25.5,22.0,29.3,349.1,1007.5,Ulhasnagar,2023,9
2023-10-01,27.6,22.3,34.1,6.4,1011.3,Ulhasnagar,2023,10
2023-11-01,26.8,20.9,34.0,9.4,1011.9,Ulhasnagar,2023,11
2023-12-01,25.3,18.9,32.9,0.0,1012.4,Ulhasnagar,2023,12
2024-01-01,24.2,17.9,31.9,4.4,1013.3,Ulhasnagar,2024,1
2024-02-01,26.0,18.8,34.8,0.0,1013.5,Ulhasnagar,2024,2
2024-03-01,27.9,20.5,37.5,0.0,1011.8,Ulhasnagar,2024,3
2024-04-01,31.2,24.4,40.6,0.2,1008.2,Ulhasnagar,2024,4
2024-05-01,31.0,25.0,38.5,9.0,1006.1,Ulhasnagar,2024,5
2024-06-01,27.4,23.7,32.0,282.8,1004.9,Ulhasnagar,2024,6
2024-07-01,25.2,22.4,27.9,823.6,1003.3,Ulhasnagar,2024,7
2024-08-01,28.2,26.3,30.9,390.5,1005.7,Ulhasnagar,2024,8
2024-09-01,27.7,25.2,30.6,659.3,1006.5,Ulhasnagar,2024,9
2024-10-01,26.8,22.9,32.6,138.8,1009.4,Ulhasnagar,2024,10
2024-11-01,25.1,18.9,32.9,0.5,1011.5,Ulhasnagar,2024,11
2024-12-01,23.9,17.9,31.7,0.0,1011.8,Ulhasnagar,2024,12
2025-01-01,24.7,17.9,33.4,0.0,1012.0,Ulhasnagar,2025,1
2025-02-01,26.8,19.0,36.6,0.0,1012.2,Ulhasnagar,2025,2
2025-03-01,29.3,24.2,34.4,0.0,1010.0,Ulhasnagar,2025,3
2025-04-01,29.9,23.0,39.5,0.7,1008.3,Ulhasnagar,2025,4
2025-05-01,28.1,23.0,34.6,216.4,1005.6,Ulhasnagar,2025,5
2025-06-01,26.0,22.6,30.4,613.2,1004.7,Ulhasnagar,2025,6
2025-07-01,24.8,22.0,28.0,541.8,1004.8,Ulhasnagar,2025,7
2025-08-01,24.8,21.9,27.8,510.8,1006.7,Ulhasnagar,2025,8
2025-09-01,24.9,23.0,28.2,494.2,1007.9,Ulhasnagar,2025,9
2025-10-01,26.1,22.2,31.5,122.4,1008.7,Ulhasnagar,2025,10
2025-11-01,24.5,18.4,32.1,9.0,1012.9,Ulhasnagar,2025,11
2025-12-01,23.3,15.7,32.7,0.0,1013.1,Ulhasnagar,2025,12
2020-01-01,24.9,19.2,29.9,0.0,1013.4,Vasai Virar,2020,1
2020-02-01,27.3,21.0,32.6,0.0,1012.7,Vasai Virar,2020,2
2020-03-01,27.7,22.6,31.9,0.0,1011.2,Vasai Virar,2020,3
2020-04-01,30.2,26.4,33.9,0.0,1009.6,Vasai Virar,2020,4
2020-05-01,31.1,28.6,34.0,0.0,1007.3,Vasai Virar,2020,5
2020-06-01,29.2,26.0,32.3,525.0,1003.7,Vasai Virar,2020,6
2020-07-01,28.1,25.4,30.5,1501.9,1003.2,Vasai Virar,2020,7
2020-08-01,27.6,25.0,29.6,826.5,1003.3,Vasai Virar,2020,8
2020-09-01,28.4,25.3,31.4,320.0,1005.6,Vasai Virar,2020,9
2020-10-01,29.2,25.6,32.7,224.0,1007.3,Vasai Virar,2020,10
2020-11-01,28.7,23.1,33.9,0.0,1011.8,Vasai Virar,2020,11
2020-12-01,26.6,20.8,32.3,25.0,1012.0,Vasai Virar,2020,12
2021-01-01,25.9,20.5,30.9,1.0,1011.1,Vasai Virar,2021,1
2021-02-01,27.3,21.4,32.9,0.0,1012.1,Vasai Virar,2021,2
2021-03-01,29.7,23.9,35.0,0.0,1010.0,Vasai Virar,2021,3
2021-04-01,30.0,26.2,33.6,0.0,1009.1,Vasai Virar,2021,4
2021-05-01,30.7,27.8,33.8,154.4,1005.5,Vasai Virar,2021,5
2021-06-01,28.6,25.5,31.5,317.0,1005.3,Vasai Virar,2021,6
2021-07-01,28.6,25.7,30.8,773.9,1003.8,Vasai Virar,2021,7
2021-08-01,27.8,25.1,30.0,295.1,1006.3,Vasai Virar,2021,8
2021-09-01,27.7,24.8,30.1,436.9,1005.1,Vasai Virar,2021,9
2021-10-01,29.4,25.2,33.5,31.8,1008.6,Vasai Virar,2021,10
2021-11-01,29.5,25.0,34.1,50.1,1009.2,Vasai Virar,2021,11
2021-12-01,25.8,21.0,30.6,103.3,1013.3,Vasai Virar,2021,12
2022-01-01,24.5,19.3,29.3,9.6,1012.9,Vasai Virar,2022,1
2022-02-01,25.3,19.3,30.5,0.0,1011.3,Vasai Virar,2022,2
2022-03-01,30.0,24.7,34.9,0.1,1008.9,Vasai Virar,2022,3
2022-04-01,30.6,26.8,34.5,0.0,1008.0,Vasai Virar,2022,4
2022-05-01,30.9,28.8,34.0,7.0,1005.7,Vasai Virar,2022,5
2022-06-01,29.3,26.6,32.9,298.3,1004.4,Vasai Virar,2022,6
2022-07-01,27.8,25.3,29.8,1185.2,1004.0,Vasai Virar,2022,7
2022-08-01,27.7,25.1,30.3,550.9,1004.2,Vasai Virar,2022,8
2022-09-01,27.5,24.7,30.2,528.4,1006.6,Vasai Virar,2022,9
2022-10-01,28.4,24.5,32.4,165.5,1009.8,Vasai Virar,2022,10
2022-11-01,27.9,21.9,33.6,0.0,1011.7,Vasai Virar,2022,11
2022-12-01,27.3,21.8,32.5,6.2,1011.4,Vasai Virar,2022,12
2023-01-01,24.4,18.7,29.5,0.0,1013.4,Vasai Virar,2023,1
2023-02-01,28.1,20.6,34.2,0.0,1012.4,Vasai Virar,2023,2
2023-03-01,28.9,23.6,33.5,21.0,1011.2,Vasai Virar,2023,3
2023-04-01,30.0,25.8,33.8,15.3,1009.0,Vasai Virar,2023,4
2023-05-01,30.8,28.3,33.6,0.6,1008.8,Vasai Virar,2023,5
2023-06-01,30.4,27.8,33.7,561.1,1005.7,Vasai Virar,2023,6
2023-07-01,27.8,25.3,29.4,1768.9,1004.7,Vasai Virar,2023,7
2023-08-01,28.6,26.3,30.8,187.3,1007.9,Vasai Virar,2023,8
2023-09-01,28.2,25.2,31.0,483.8,1006.6,Vasai Virar,2023,9
2023-10-01,30.2,25.8,34.5,13.0,1011.0,Vasai Virar,2023,10
2023-11-01,29.4,24.3,34.4,7.1,1011.7,Vasai Virar,2023,11
2023-12-01,27.9,22.8,32.9,0.0,1012.3,Vasai Virar,2023,12
2024-01-01,26.3,19.9,31.3,1.1,1013.2,Vasai Virar,2024,1
2024-02-01,27.1,20.6,32.6,0.0,1013.5,Vasai Virar,2024,2
2024-03-01,28.3,23.2,32.8,0.1,1011.9,Vasai Virar,2024,3
2024-04-01,30.7,26.6,34.7,0.0,1008.2,Vasai Virar,2024,4
2024-05-01,31.1,28.6,34.2,1.4,1005.9,Vasai Virar,2024,5
2024-06-01,29.7,27.2,33.2,351.3,1004.0,Vasai Virar,2024,6
2024-07-01,27.5,25.3,29.8,1663.8,1002.1,Vasai Virar,2024,7
2024-08-01,28.2,26.3,30.9,390.5,1005.7,Vasai Virar,2024,8
2024-09-01,27.7,25.2,30.6,659.3,1006.5,Vasai Virar,2024,9
2024-10-01,29.3,25.6,33.3,112.0,1008.8,Vasai Virar,2024,10
2024-11-01,28.4,22.6,34.1,0.5,1011.2,Vasai Virar,2024,11
2024-12-01,26.2,20.6,32.0,0.0,1011.7,Vasai Virar,2024,12
2025-01-01,26.2,20.0,32.2,0.0,1011.9,Vasai Virar,2025,1
2025-02-01,28.0,21.2,34.0,0.0,1012.2,Vasai Virar,2025,2
2025-03-01,29.3,24.2,34.4,0.0,1010.0,Vasai Virar,2025,3
2025-04-01,30.2,26.7,34.1,0.0,1008.2,Vasai Virar,2025,4
2025-05-01,29.5,25.8,32.9,237.0,1005.0,Vasai Virar,2025,5
2025-06-01,28.6,26.2,31.4,510.9,1003.6,Vasai Virar,2025,6
2025-07-01,28.1,26.0,30.0,801.7,1003.5,Vasai Virar,2025,7
2025-08-01,27.4,25.5,29.5,1098.0,1005.7,Vasai Virar,2025,8
2025-09-01,27.0,25.4,29.0,480.7,1007.2,Vasai Virar,2025,9
2025-10-01,29.1,26.3,32.8,170.2,1008.0,Vasai Virar,2025,10
2025-11-01,27.8,24.3,32.0,9.2,1012.5,Vasai Virar,2025,11
2025-12-01,27.0,22.8,32.1,0.0,1012.9,Vasai Virar,2025,12
2020-01-01,19.9,12.7,27.0,66.0,1016.0,Wardha,2020,1
2020-02-01,22.0,14.0,30.0,12.0,1015.7,Wardha,2020,2
2020-03-01,26.7,18.7,34.8,29.0,1011.1,Wardha,2020,3
2020-04-01,31.1,22.1,40.2,12.0,1007.9,Wardha,2020,4
2020-05-01,34.3,25.3,43.3,23.0,1003.3,Wardha,2020,5
2020-06-01,29.3,24.1,34.6,279.0,1001.9,Wardha,2020,6
2020-07-01,28.7,24.1,33.2,376.0,1002.1,Wardha,2020,7
2020-08-01,26.9,23.6,30.1,440.0,1001.3,Wardha,2020,8
2020-09-01,28.9,24.1,33.7,214.0,1004.3,Wardha,2020,9
2020-10-01,28.0,22.3,33.7,93.0,1007.5,Wardha,2020,10
2020-11-01,23.9,16.1,31.6,11.0,1014.9,Wardha,2020,11
2020-12-01,21.8,13.7,29.9,1.0,1015.3,Wardha,2020,12
2021-01-01,23.4,17.5,30.2,3.0,1012.9,Wardha,2021,1
2021-02-01,23.7,16.5,31.7,9.4,1013.7,Wardha,2021,2
2021-03-01,28.2,20.9,36.9,6.6,1010.5,Wardha,2021,3
2021-04-01,31.4,24.0,39.7,0.4,1007.7,Wardha,2021,4
2021-05-01,33.1,27.4,39.7,7.5,1004.3,Wardha,2021,5
2021-06-01,29.0,25.5,34.6,138.5,1003.3,Wardha,2021,6
2021-07-01,27.6,25.1,31.8,447.3,1001.9,Wardha,2021,7
2021-08-01,27.0,24.4,31.3,205.5,1004.3,Wardha,2021,8
2021-09-01,26.4,23.9,30.6,305.5,1004.3,Wardha,2021,9
2021-10-01,26.0,21.4,32.4,61.2,1009.1,Wardha,2021,10
2021-11-01,25.0,20.1,31.1,15.7,1011.7,Wardha,2021,11
2021-12-01,21.5,15.9,28.3,10.6,1015.4,Wardha,2021,12
2022-01-01,19.8,14.3,26.9,21.8,1014.4,Wardha,2022,1
2022-02-01,23.1,16.1,30.9,0.7,1012.0,Wardha,2022,2
2022-03-01,29.3,21.5,38.0,0.0,1008.9,Wardha,2022,3
2022-04-01,34.4,27.0,42.4,0.0,1005.8,Wardha,2022,4
2022-05-01,35.5,29.3,42.4,6.0,1001.6,Wardha,2022,5
2022-06-01,31.8,27.2,38.6,147.6,1002.1,Wardha,2022,6
2022-07-01,26.2,24.1,29.9,738.1,1001.9,Wardha,2022,7
2022-08-01,26.7,24.1,30.8,314.6,1002.8,Wardha,2022,8
2022-09-01,26.6,23.8,31.1,285.6,1005.5,Wardha,2022,9
2022-10-01,25.0,20.8,31.1,156.4,1010.6,Wardha,2022,10
2022-11-01,22.4,16.3,29.8,0.0,1013.7,Wardha,2022,11
2022-12-01,22.6,16.9,29.6,6.6,1013.5,Wardha,2022,12
2023-01-01,21.4,15.3,29.1,0.0,1014.9,Wardha,2023,1
2023-02-01,24.1,16.2,33.6,0.0,1013.7,Wardha,2023,2
2023-03-01,26.9,20.1,35.0,9.4,1011.6,Wardha,2023,3
2023-04-01,29.8,23.5,37.7,58.3,1009.0,Wardha,2023,4
2023-05-01,31.9,25.3,39.8,18.9,1006.4,Wardha,2023,5
2023-06-01,32.9,28.2,38.7,73.2,1002.7,Wardha,2023,6
2023-07-01,27.4,24.9,31.7,423.3,1002.3,Wardha,2023,7
2023-08-01,27.3,24.4,31.6,117.2,1005.5,Wardha,2023,8
2023-09-01,26.9,24.1,31.5,220.7,1004.8,Wardha,2023,9
2023-10-01,26.7,21.2,33.3,0.6,1011.5,Wardha,2023,10
2023-11-01,24.0,18.7,30.6,46.7,1014.1,Wardha,2023,11
2023-12-01,21.2,16.1,27.6,0.7,1015.3,Wardha,2023,12
2024-01-01,21.8,16.3,28.9,0.2,1015.0,Wardha,2024,1
2024-02-01,24.2,18.1,32.2,19.0,1014.5,Wardha,2024,2
2024-03-01,28.0,21.0,36.8,6.1,1011.4,Wardha,2024,3
2024-04-01,30.9,24.6,38.7,20.4,1008.1,Wardha,2024,4
2024-05-01,33.2,27.3,41.4,0.9,1003.5,Wardha,2024,5
2024-06-01,31.0,26.5,37.9,170.7,1002.4,Wardha,2024,6
2024-07-01,27.0,24.8,31.0,602.7,1000.3,Wardha,2024,7
2024-08-01,27.9,24.3,31.5,213.0,1003.8,Wardha,2024,8
2024-09-01,28.4,24.4,32.4,184.0,1003.7,Wardha,2024,9
2024-10-01,27.3,23.2,33.5,44.5,1009.7,Wardha,2024,10
2024-11-01,23.1,17.6,29.9,0.0,1013.5,Wardha,2024,11
2024-12-01,21.9,16.9,28.8,3.0,1013.8,Wardha,2024,12
2025-01-01,21.3,15.1,29.8,0.0,1014.3,Wardha,2025,1
2025-02-01,25.9,19.1,34.4,0.0,1013.1,Wardha,2025,2
2025-03-01,29.0,19.5,38.5,0.0,1009.5,Wardha,2025,3
2025-04-01,32.7,25.7,40.8,0.6,1006.3,Wardha,2025,4
2025-05-01,31.5,26.4,38.0,108.0,1003.6,Wardha,2025,5
2025-06-01,30.4,26.4,35.8,108.0,1001.7,Wardha,2025,6
2025-07-01,27.0,24.7,30.6,539.5,1001.5,Wardha,2025,7
2025-08-01,26.8,24.1,31.1,391.3,1004.1,Wardha,2025,8
2025-09-01,26.4,23.8,30.3,296.3,1005.4,Wardha,2025,9
2025-10-01,26.5,22.7,31.0,83.2,1009.4,Wardha,2025,10
2025-11-01,22.3,16.7,28.5,0.9,1014.4,Wardha,2025,11
2025-12-01,19.2,12.9,26.8,0.0,1015.6,Wardha,2025,12
2020-01-01,26.633689154568746,21.414444444444445,32.41121172919362,0.0,1008.9854796888507,Yavatmal,2020,1
2020-02-01,26.633689154568746,21.414444444444445,32.41121172919362,0.0,1008.9854796888507,Yavatmal,2020,2
2020-03-01,26.633689154568746,21.414444444444445,32.41121172919362,0.0,1008.9854796888507,Yavatmal,2020,3
2020-04-01,26.633689154568746,21.414444444444445,32.41121172919362,0.0,1008.9854796888507,Yavatmal,2020,4
2020-05-01,26.633689154568746,21.414444444444445,32.41121172919362,0.0,1008.9854796888507,Yavatmal,2020,5
2020-06-01,26.633689154568746,21.414444444444445,32.41121172919362,0.0,1008.9854796888507,Yavatmal,2020,6
2020-07-01,26.633689154568746,21.414444444444445,32.41121172919362,0.0,1008.9854796888507,Yavatmal,2020,7
2020-08-01,26.633689154568746,21.414444444444445,32.41121172919362,0.0,1008.9854796888507,Yavatmal,2020,8
2020-09-01,26.633689154568746,21.414444444444445,32.41121172919362,0.0,1008.9854796888507,Yavatmal,2020,9
2020-10-01,26.633689154568746,21.414444444444445,32.41121172919362,0.0,1008.9854796888507,Yavatmal,2020,10
2020-11-01,26.633689154568746,21.414444444444445,32.41121172919362,0.0,1008.9854796888507,Yavatmal,2020,11
2020-12-01,26.633689154568746,21.414444444444445,32.41121172919362,0.0,1008.9854796888507,Yavatmal,2020,12
2021-01-01,23.4,18.2,29.1,0.0,1013.0,Yavatmal,2021,1
2021-02-01,24.1,18.0,30.4,10.0,1013.8,Yavatmal,2021,2
2021-03-01,28.9,22.2,35.4,2.2,1010.9,Yavatmal,2021,3
2021-04-01,31.8,25.4,38.0,1.0,1008.2,Yavatmal,2021,4
2021-05-01,32.7,27.8,38.1,11.9,1005.0,Yavatmal,2021,5
2021-06-01,28.7,25.6,33.0,119.5,1004.1,Yavatmal,2021,6
2021-07-01,27.1,24.7,30.4,555.9,1002.6,Yavatmal,2021,7
2021-08-01,26.3,23.9,29.5,225.9,1005.0,Yavatmal,2021,8
2021-09-01,25.5,23.3,28.8,342.1,1004.9,Yavatmal,2021,9
2021-10-01,25.2,21.1,29.8,86.7,1009.6,Yavatmal,2021,10
2021-11-01,24.1,19.4,29.2,23.2,1011.9,Yavatmal,2021,11
2021-12-01,21.2,16.3,26.8,5.4,1015.5,Yavatmal,2021,12
2022-01-01,19.6,14.5,25.4,21.6,1014.5,Yavatmal,2022,1
2022-02-01,23.2,17.0,29.9,0.3,1012.2,Yavatmal,2022,2
2022-03-01,29.5,22.4,36.5,0.0,1009.4,Yavatmal,2022,3
2022-04-01,34.5,27.8,41.0,0.0,1006.4,Yavatmal,2022,4
2022-05-01,34.8,29.0,40.8,12.6,1002.3,Yavatmal,2022,5
2022-06-01,30.7,26.4,35.8,163.5,1002.9,Yavatmal,2022,6
2022-07-01,25.4,23.5,28.4,735.3,1002.6,Yavatmal,2022,7
2022-08-01,25.9,23.5,29.3,292.9,1003.5,Yavatmal,2022,8
2022-09-01,25.8,23.1,29.6,247.2,1006.1,Yavatmal,2022,9
2022-10-01,24.5,20.8,29.1,114.8,1010.9,Yavatmal,2022,10
2022-11-01,22.3,16.8,28.4,0.0,1013.9,Yavatmal,2022,11
2022-12-01,22.7,17.4,28.5,9.6,1013.7,Yavatmal,2022,12
2023-01-01,21.8,16.3,27.7,0.2,1015.0,Yavatmal,2023,1
2023-02-01,24.4,17.2,31.7,0.0,1014.0,Yavatmal,2023,2
2023-03-01,26.7,20.4,33.1,11.2,1011.9,Yavatmal,2023,3
2023-04-01,29.7,23.8,36.3,55.0,1009.5,Yavatmal,2023,4
2023-05-01,31.8,26.2,38.1,17.4,1007.0,Yavatmal,2023,5
2023-06-01,32.4,27.9,37.7,57.3,1003.5,Yavatmal,2023,6
2023-07-01,26.6,24.3,30.5,470.7,1003.2,Yavatmal,2023,7
2023-08-01,26.3,23.6,29.8,94.7,1006.3,Yavatmal,2023,8
2023-09-01,26.1,23.7,29.8,202.4,1005.4,Yavatmal,2023,9
2023-10-01,26.2,21.3,31.5,0.0,1012.0,Yavatmal,2023,10
2023-11-01,24.2,18.9,29.7,50.4,1014.3,Yavatmal,2023,11
2023-12-01,21.4,16.4,26.7,0.2,1015.4,Yavatmal,2023,12
2024-01-01,22.2,16.9,28.3,0.9,1015.1,Yavatmal,2024,1
2024-02-01,24.6,18.7,31.2,33.0,1014.6,Yavatmal,2024,2
2024-03-01,27.9,21.5,35.1,6.0,1011.8,Yavatmal,2024,3
2024-04-01,31.1,25.4,37.4,33.8,1008.6,Yavatmal,2024,4
2024-05-01,33.0,27.6,39.4,1.4,1004.3,Yavatmal,2024,5
2024-06-01,29.9,25.7,35.8,173.0,1003.2,Yavatmal,2024,6
2024-07-01,26.2,24.1,29.7,643.2,1001.3,Yavatmal,2024,7
2024-08-01,27.2,23.4,29.9,224.5,1008.9854796888507,Yavatmal,2024,8
2024-09-01,27.3,23.2,30.8,153.4,1008.9854796888507,Yavatmal,2024,9
2024-10-01,26.6,22.6,31.2,70.1,1010.1,Yavatmal,2024,10
2024-11-01,23.4,18.2,28.9,0.0,1013.7,Yavatmal,2024,11
2024-12-01,21.9,16.9,27.8,0.0,1014.0,Yavatmal,2024,12
2025-01-01,22.1,16.2,29.1,0.4,1014.4,Yavatmal,2025,1
2025-02-01,26.2,19.4,33.3,0.0,1013.4,Yavatmal,2025,2
2025-03-01,26.633689154568746,21.414444444444445,32.41121172919362,0.0,1008.9854796888507,Yavatmal,2025,3
2025-04-01,32.8,26.2,39.9,13.1,1006.8,Yavatmal,2025,4
2025-05-01,30.7,25.5,37.2,136.9,1004.2,Yavatmal,2025,5
2025-06-01,29.1,25.3,34.0,144.2,1002.6,Yavatmal,2025,6
2025-07-01,26.0,23.8,29.4,406.8,1002.4,Yavatmal,2025,7
2025-08-01,25.8,23.4,29.6,370.0,1004.7,Yavatmal,2025,8
2025-09-01,25.4,22.9,29.2,266.7,1006.0,Yavatmal,2025,9
2025-10-01,25.6,22.0,30.0,84.9,1009.8,Yavatmal,2025,10
2025-11-01,21.7,16.7,27.2,3.3,1014.7,Yavatmal,2025,11
2025-12-01,19.4,13.5,26.2,0.0,1015.8,Yavatmal,2025,12
